Workbook

Sheet Boletins Nuppa Site
A1: blt_numero | B1: blt_ano | C1: blt_data_lev | D1: Grupo | E1: Produto | F1: Unidade | G1: Comum | H1: Mínimo | I1: Máximo | J1: Média | K1: Mediana | L1: >MAX | M1: >MED | N1: MAX < MED | O1: observações
A2: 37 | B2: 2023 | C2: 44931 | D2: GRUPO A - Verduras (Folhosas, Flores e Hastes) | E2: Acelga | F2: 12 unidades | H2: 32 | I2: 32 | J2: 32 | K2: 32 | L2: =IF(H2>I2,"ERRO","OK") -> OK | M2: =IF(H2>J2,"ERRO","OK") -> OK | N2: =IF(I2<J2,"ERRO","OK") -> OK
A3: 37 | B3: 2023 | C3: 44931 | D3: GRUPO A - Verduras (Folhosas, Flores e Hastes) | E3: Agrião | F3: 12 unidades | H3: 60 | I3: 60 | J3: 60 | K3: 60 | L3: =IF(H3>I3,"ERRO","OK") -> OK | M3: =IF(H3>J3,"ERRO","OK") -> OK | N3: =IF(I3<J3,"ERRO","OK") -> OK
A4: 37 | B4: 2023 | C4: 44931 | D4: GRUPO A - Verduras (Folhosas, Flores e Hastes) | E4: Alface Americana | F4: 12 unidades | H4: 24 | I4: 36 | J4: 30 | K4: 30 | L4: =IF(H4>I4,"ERRO","OK") -> OK | M4: =IF(H4>J4,"ERRO","OK") -> OK | N4: =IF(I4<J4,"ERRO","OK") -> OK
A5: 37 | B5: 2023 | C5: 44931 | D5: GRUPO A - Verduras (Folhosas, Flores e Hastes) | E5: Alface crespa | F5: 12 unidades | H5: 18 | I5: 30 | J5: 24 | K5: 24 | L5: =IF(H5>I5,"ERRO","OK") -> OK | M5: =IF(H5>J5,"ERRO","OK") -> OK | N5: =IF(I5<J5,"ERRO","OK") -> OK
A6: 37 | B6: 2023 | C6: 44931 | D6: GRUPO A - Verduras (Folhosas, Flores e Hastes) | E6: Alface lisa | F6: 12 unidades | H6: 18 | I6: 30 | J6: 24 | K6: 24 | L6: =IF(H6>I6,"ERRO","OK") -> OK | M6: =IF(H6>J6,"ERRO","OK") -> OK | N6: =IF(I6<J6,"ERRO","OK") -> OK
A7: 37 | B7: 2023 | C7: 44931 | D7: GRUPO A - Verduras (Folhosas, Flores e Hastes) | E7: Almeirão | F7: 12 unidades | H7: 48 | I7: 48 | J7: 48 | K7: 48 | L7: =IF(H7>I7,"ERRO","OK") -> OK | M7: =IF(H7>J7,"ERRO","OK") -> OK | N7: =IF(I7<J7,"ERRO","OK") -> OK
A8: 37 | B8: 2023 | C8: 44931 | D8: GRUPO A - Verduras (Folhosas, Flores e Hastes) | E8: Brócolos ninja/japonês | F8: 12 unidades | H8: 60 | I8: 60 | J8: 60 | K8: 60 | L8: =IF(H8>I8,"ERRO","OK") -> OK | M8: =IF(H8>J8,"ERRO","OK") -> OK | N8: =IF(I8<J8,"ERRO","OK") -> OK
A9: 37 | B9: 2023 | C9: 44931 | D9: GRUPO A - Verduras (Folhosas, Flores e Hastes) | E9: Brócolos ramoso | F9: 12 unidades | G9: 48 | H9: 48 | I9: 60 | J9: 52 | K9: 48 | L9: =IF(H9>I9,"ERRO","OK") -> OK | M9: =IF(H9>J9,"ERRO","OK") -> OK | N9: =IF(I9<J9,"ERRO","OK") -> OK
A10: 37 | B10: 2023 | C10: 44931 | D10: GRUPO A - Verduras (Folhosas, Flores e Hastes) | E10: Couve-Manteiga | F10: 12 unidades | G10: 15 | H10: 15 | I10: 24 | J10: 18 | K10: 15 | L10: =IF(H10>I10,"ERRO","OK") -> OK | M10: =IF(H10>J10,"ERRO","OK") -> OK | N10: =IF(I10<J10,"ERRO","OK") -> OK
A11: 37 | B11: 2023 | C11: 44931 | D11: GRUPO A - Verduras (Folhosas, Flores e Hastes) | E11: Couve | H11: 60 | I11: 60 | J11: 60 | K11: 60 | L11: =IF(H11>I11,"ERRO","OK") -> OK | M11: =IF(H11>J11,"ERRO","OK") -> OK | N11: =IF(I11<J11,"ERRO","OK") -> OK
A12: 37 | B12: 2023 | C12: 44931 | D12: GRUPO A - Verduras (Folhosas, Flores e Hastes) | E12: Escarola | F12: 12 unidades | H12: 18 | I12: 30 | J12: 24 | K12: 24 | L12: =IF(H12>I12,"ERRO","OK") -> OK | M12: =IF(H12>J12,"ERRO","OK") -> OK | N12: =IF(I12<J12,"ERRO","OK") -> OK
A13: 37 | B13: 2023 | C13: 44931 | D13: GRUPO A - Verduras (Folhosas, Flores e Hastes) | E13: Espinafre | F13: 12 unidades | H13: 42 | I13: 54 | J13: 48 | K13: 48 | L13: =IF(H13>I13,"ERRO","OK") -> OK | M13: =IF(H13>J13,"ERRO","OK") -> OK | N13: =IF(I13<J13,"ERRO","OK") -> OK
A14: 37 | B14: 2023 | C14: 44931 | D14: GRUPO A - Verduras (Folhosas, Flores e Hastes) | E14: Rabanete | F14: 12 maços | H14: 36 | I14: 48 | J14: 42 | K14: 42 | L14: =IF(H14>I14,"ERRO","OK") -> OK | M14: =IF(H14>J14,"ERRO","OK") -> OK | N14: =IF(I14<J14,"ERRO","OK") -> OK
A15: 37 | B15: 2023 | C15: 44931 | D15: GRUPO A - Verduras (Folhosas, Flores e Hastes) | E15: Repolho roxo | F15: 12 unidades | H15: 60 | I15: 60 | J15: 60 | K15: 60 | L15: =IF(H15>I15,"ERRO","OK") -> OK | M15: =IF(H15>J15,"ERRO","OK") -> OK | N15: =IF(I15<J15,"ERRO","OK") -> OK
A16: 37 | B16: 2023 | C16: 44931 | D16: GRUPO A - Verduras (Folhosas, Flores e Hastes) | E16: Repolho Verde | F16: 12 unidades | H16: 24 | I16: 36 | J16: 30 | K16: 30 | L16: =IF(H16>I16,"ERRO","OK") -> OK | M16: =IF(H16>J16,"ERRO","OK") -> OK | N16: =IF(I16<J16,"ERRO","OK") -> OK
A17: 37 | B17: 2023 | C17: 44931 | D17: GRUPO A - Verduras (Folhosas, Flores e Hastes) | E17: Rúcula | F17: 12 unidades | G17: 42 | H17: 36 | I17: 42 | J17: 40 | K17: 42 | L17: =IF(H17>I17,"ERRO","OK") -> OK | M17: =IF(H17>J17,"ERRO","OK") -> OK | N17: =IF(I17<J17,"ERRO","OK") -> OK
A18: 37 | B18: 2023 | C18: 44931 | D18: GRUPO B - Hortaliças Condimentares (Temperos) | E18: Cebolinha | F18: Maço 0,5 kg | G18: 4 | H18: 3 | I18: 4 | J18: 3.67 | K18: 4 | L18: =IF(H18>I18,"ERRO","OK") -> OK | M18: =IF(H18>J18,"ERRO","OK") -> OK | N18: =IF(I18<J18,"ERRO","OK") -> ERRO
A19: 37 | B19: 2023 | C19: 44931 | D19: GRUPO B - Hortaliças Condimentares (Temperos) | E19: Coentro | F19: Maço 2 kg | G19: 25 | H19: 25 | I19: 25 | J19: 25 | K19: 25 | L19: =IF(H19>I19,"ERRO","OK") -> OK | M19: =IF(H19>J19,"ERRO","OK") -> OK | N19: =IF(I19<J19,"ERRO","OK") -> OK
A20: 37 | B20: 2023 | C20: 44931 | D20: GRUPO B - Hortaliças Condimentares (Temperos) | E20: Salsinha | F20: Maço 2 kg | G20: 25 | H20: 20 | I20: 25 | J20: 22.5 | K20: 22.5 | L20: =IF(H20>I20,"ERRO","OK") -> OK | M20: =IF(H20>J20,"ERRO","OK") -> OK | N20: =IF(I20<J20,"ERRO","OK") -> ERRO
A21: 37 | B21: 2023 | C21: 44931 | D21: GRUPO C - Hortaliças Legumes (Leguminosas (Vagens), Frutos, Raízes Tuberosas, Tubérculos e Bulbos) | E21: Abobrinha Italiana | F21: 17 kg | G21: 60 | H21: 50 | I21: 60 | J21: 57.5 | K21: 60 | L21: =IF(H21>I21,"ERRO","OK") -> OK | M21: =IF(H21>J21,"ERRO","OK") -> OK | N21: =IF(I21<J21,"ERRO","OK") -> ERRO
A22: 37 | B22: 2023 | C22: 44931 | D22: GRUPO C - Hortaliças Legumes (Leguminosas (Vagens), Frutos, Raízes Tuberosas, Tubérculos e Bulbos) | E22: Batata-doce | F22: 18 kg | G22: 50 | H22: 50 | I22: 65 | J22: 55 | K22: 50 | L22: =IF(H22>I22,"ERRO","OK") -> OK | M22: =IF(H22>J22,"ERRO","OK") -> OK | N22: =IF(I22<J22,"ERRO","OK") -> OK
A23: 37 | B23: 2023 | C23: 44931 | D23: GRUPO C - Hortaliças Legumes (Leguminosas (Vagens), Frutos, Raízes Tuberosas, Tubérculos e Bulbos) | E23: Berinjela comum | F23: 10 kg | G23: 40 | H23: 40 | I23: 50 | J23: 44.17 | K23: 42.5 | L23: =IF(H23>I23,"ERRO","OK") -> OK | M23: =IF(H23>J23,"ERRO","OK") -> OK | N23: =IF(I23<J23,"ERRO","OK") -> ERRO
A24: 37 | B24: 2023 | C24: 44931 | D24: GRUPO C - Hortaliças Legumes (Leguminosas (Vagens), Frutos, Raízes Tuberosas, Tubérculos e Bulbos) | E24: Berinjela japonesa | F24: 10 kg | L24: =IF(H24>I24,"ERRO","OK") -> OK | M24: =IF(H24>J24,"ERRO","OK") -> OK | N24: =IF(I24<J24,"ERRO","OK") -> OK
A25: 37 | B25: 2023 | C25: 44931 | D25: GRUPO C - Hortaliças Legumes (Leguminosas (Vagens), Frutos, Raízes Tuberosas, Tubérculos e Bulbos) | E25: Beterraba | F25: 20 kg | H25: 48 | I25: 60 | J25: 52.67 | K25: 50 | L25: =IF(H25>I25,"ERRO","OK") -> OK | M25: =IF(H25>J25,"ERRO","OK") -> OK | N25: =IF(I25<J25,"ERRO","OK") -> ERRO
A26: 37 | B26: 2023 | C26: 44931 | D26: GRUPO C - Hortaliças Legumes (Leguminosas (Vagens), Frutos, Raízes Tuberosas, Tubérculos e Bulbos) | E26: Cenoura | F26: 18 kg | G26: 55 | H26: 50 | I26: 60 | J26: 55 | K26: 55 | L26: =IF(H26>I26,"ERRO","OK") -> OK | M26: =IF(H26>J26,"ERRO","OK") -> OK | N26: =IF(I26<J26,"ERRO","OK") -> OK
A27: 37 | B27: 2023 | C27: 44931 | D27: GRUPO C - Hortaliças Legumes (Leguminosas (Vagens), Frutos, Raízes Tuberosas, Tubérculos e Bulbos) | E27: Chuchu | F27: 18 kg | G27: 40 | H27: 30 | I27: 50 | J27: 40 | K27: 40 | L27: =IF(H27>I27,"ERRO","OK") -> OK | M27: =IF(H27>J27,"ERRO","OK") -> OK | N27: =IF(I27<J27,"ERRO","OK") -> OK
A28: 37 | B28: 2023 | C28: 44931 | D28: GRUPO C - Hortaliças Legumes (Leguminosas (Vagens), Frutos, Raízes Tuberosas, Tubérculos e Bulbos) | E28: Jiló | F28: 17 kg | G28: 50 | H28: 50 | I28: 70 | J28: 56.67 | K28: 50 | L28: =IF(H28>I28,"ERRO","OK") -> OK | M28: =IF(H28>J28,"ERRO","OK") -> OK | N28: =IF(I28<J28,"ERRO","OK") -> ERRO
A29: 37 | B29: 2023 | C29: 44931 | D29: GRUPO C - Hortaliças Legumes (Leguminosas (Vagens), Frutos, Raízes Tuberosas, Tubérculos e Bulbos) | E29: Mandioca | F29: 18 kg | L29: =IF(H29>I29,"ERRO","OK") -> OK | M29: =IF(H29>J29,"ERRO","OK") -> OK | N29: =IF(I29<J29,"ERRO","OK") -> OK
A30: 37 | B30: 2023 | C30: 44931 | D30: GRUPO C - Hortaliças Legumes (Leguminosas (Vagens), Frutos, Raízes Tuberosas, Tubérculos e Bulbos) | E30: Pepino comum | F30: 17 kg | G30: 50 | H30: 40 | I30: 60 | J30: 50 | K30: 50 | L30: =IF(H30>I30,"ERRO","OK") -> OK | M30: =IF(H30>J30,"ERRO","OK") -> OK | N30: =IF(I30<J30,"ERRO","OK") -> OK
A31: 37 | B31: 2023 | C31: 44931 | D31: GRUPO C - Hortaliças Legumes (Leguminosas (Vagens), Frutos, Raízes Tuberosas, Tubérculos e Bulbos) | E31: Pepino japonês | F31: 17 kg | G31: 50 | H31: 50 | I31: 60 | J31: 55 | K31: 55 | L31: =IF(H31>I31,"ERRO","OK") -> OK | M31: =IF(H31>J31,"ERRO","OK") -> OK | N31: =IF(I31<J31,"ERRO","OK") -> OK
A32: 37 | B32: 2023 | C32: 44931 | D32: GRUPO C - Hortaliças Legumes (Leguminosas (Vagens), Frutos, Raízes Tuberosas, Tubérculos e Bulbos) | E32: Pimentão verde | F32: 10 kg | H32: 30 | I32: 50 | J32: 40 | K32: 40 | L32: =IF(H32>I32,"ERRO","OK") -> OK | M32: =IF(H32>J32,"ERRO","OK") -> OK | N32: =IF(I32<J32,"ERRO","OK") -> OK
A33: 37 | B33: 2023 | C33: 44931 | D33: GRUPO C - Hortaliças Legumes (Leguminosas (Vagens), Frutos, Raízes Tuberosas, Tubérculos e Bulbos) | E33: Quiabo | F33: 12 kg | G33: 70 | H33: 60 | I33: 80 | J33: 68.33 | K33: 70 | L33: =IF(H33>I33,"ERRO","OK") -> OK | M33: =IF(H33>J33,"ERRO","OK") -> OK | N33: =IF(I33<J33,"ERRO","OK") -> ERRO
A34: 37 | B34: 2023 | C34: 44931 | D34: GRUPO C - Hortaliças Legumes (Leguminosas (Vagens), Frutos, Raízes Tuberosas, Tubérculos e Bulbos) | E34: Tomate Débora | F34: 17 kg | G34: 100 | H34: 90 | I34: 110 | J34: 100 | K34: 100 | L34: =IF(H34>I34,"ERRO","OK") -> OK | M34: =IF(H34>J34,"ERRO","OK") -> OK | N34: =IF(I34<J34,"ERRO","OK") -> OK
A35: 37 | B35: 2023 | C35: 44931 | D35: GRUPO C - Hortaliças Legumes (Leguminosas (Vagens), Frutos, Raízes Tuberosas, Tubérculos e Bulbos) | E35: Vagem macarrão | F35: 17 kg | G35: 80 | H35: 70 | I35: 100 | J35: 83 | K35: 80 | L35: =IF(H35>I35,"ERRO","OK") -> OK | M35: =IF(H35>J35,"ERRO","OK") -> OK | N35: =IF(I35<J35,"ERRO","OK") -> OK
A36: 37 | B36: 2023 | C36: 44931 | D36: GRUPO D - Frutas | E36: Caqui Fuyu | F36: 17 kg | L36: =IF(H36>I36,"ERRO","OK") -> OK | M36: =IF(H36>J36,"ERRO","OK") -> OK | N36: =IF(I36<J36,"ERRO","OK") -> OK
A37: 37 | B37: 2023 | C37: 44931 | D37: GRUPO D - Frutas | E37: Caqui Guimbo | F37: 17 kg | L37: =IF(H37>I37,"ERRO","OK") -> OK | M37: =IF(H37>J37,"ERRO","OK") -> OK | N37: =IF(I37<J37,"ERRO","OK") -> OK
A38: 37 | B38: 2023 | C38: 44931 | D38: GRUPO D - Frutas | E38: Caqui Rama Forte | F38: 17 kg | L38: =IF(H38>I38,"ERRO","OK") -> OK | M38: =IF(H38>J38,"ERRO","OK") -> OK | N38: =IF(I38<J38,"ERRO","OK") -> OK
A39: 37 | B39: 2023 | C39: 44931 | D39: GRUPO D - Frutas | E39: Goiaba | F39: 10 kg | L39: =IF(H39>I39,"ERRO","OK") -> OK | M39: =IF(H39>J39,"ERRO","OK") -> OK | N39: =IF(I39<J39,"ERRO","OK") -> OK
A40: 37 | B40: 2023 | C40: 44931 | D40: GRUPO D - Frutas | E40: Mexerica Polkan | F40: 22 kg | L40: =IF(H40>I40,"ERRO","OK") -> OK | M40: =IF(H40>J40,"ERRO","OK") -> OK | N40: =IF(I40<J40,"ERRO","OK") -> OK
A41: 38 | B41: 2023 | C41: 44938 | D41: GRUPO A - Verduras (Folhosas, Flores e Hastes) | E41: Acelga | F41: 12 unidades | G41: 42 | H41: 42 | I41: 42 | J41: 42 | K41: 42 | L41: =IF(H41>I41,"ERRO","OK") -> OK | M41: =IF(H41>J41,"ERRO","OK") -> OK | N41: =IF(I41<J41,"ERRO","OK") -> OK
A42: 38 | B42: 2023 | C42: 44938 | D42: GRUPO A - Verduras (Folhosas, Flores e Hastes) | E42: Agrião | F42: 12 unidades | G42: 60 | H42: 60 | I42: 60 | J42: 60 | K42: 60 | L42: =IF(H42>I42,"ERRO","OK") -> OK | M42: =IF(H42>J42,"ERRO","OK") -> OK | N42: =IF(I42<J42,"ERRO","OK") -> OK
A43: 38 | B43: 2023 | C43: 44938 | D43: GRUPO A - Verduras (Folhosas, Flores e Hastes) | E43: Alface Americana | F43: 12 unidades | G43: 30 | H43: 30 | I43: 36 | J43: 32 | K43: 30 | L43: =IF(H43>I43,"ERRO","OK") -> OK | M43: =IF(H43>J43,"ERRO","OK") -> OK | N43: =IF(I43<J43,"ERRO","OK") -> OK
A44: 38 | B44: 2023 | C44: 44938 | D44: GRUPO A - Verduras (Folhosas, Flores e Hastes) | E44: Alface crespa | F44: 12 unidades | G44: 24 | H44: 18 | I44: 24 | J44: 21.5 | K44: 22 | L44: =IF(H44>I44,"ERRO","OK") -> OK | M44: =IF(H44>J44,"ERRO","OK") -> OK | N44: =IF(I44<J44,"ERRO","OK") -> ERRO
A45: 38 | B45: 2023 | C45: 44938 | D45: GRUPO A - Verduras (Folhosas, Flores e Hastes) | E45: Alface lisa | F45: 12 unidades | H45: 15 | I45: 24 | J45: 19 | K45: 18 | L45: =IF(H45>I45,"ERRO","OK") -> OK | M45: =IF(H45>J45,"ERRO","OK") -> OK | N45: =IF(I45<J45,"ERRO","OK") -> OK
A46: 38 | B46: 2023 | C46: 44938 | D46: GRUPO A - Verduras (Folhosas, Flores e Hastes) | E46: Almeirão | F46: 12 unidades | H46: 42 | I46: 48 | J46: 45 | K46: 45 | L46: =IF(H46>I46,"ERRO","OK") -> OK | M46: =IF(H46>J46,"ERRO","OK") -> OK | N46: =IF(I46<J46,"ERRO","OK") -> OK
A47: 38 | B47: 2023 | C47: 44938 | D47: GRUPO A - Verduras (Folhosas, Flores e Hastes) | E47: Brócolos ninja/japonês | F47: 12 unidades | H47: 66 | I47: 72 | J47: 69 | K47: 69 | L47: =IF(H47>I47,"ERRO","OK") -> OK | M47: =IF(H47>J47,"ERRO","OK") -> OK | N47: =IF(I47<J47,"ERRO","OK") -> OK
A48: 38 | B48: 2023 | C48: 44938 | D48: GRUPO A - Verduras (Folhosas, Flores e Hastes) | E48: Brócolos ramoso | F48: 12 unidades | H48: 48 | I48: 72 | J48: 60 | K48: 60 | L48: =IF(H48>I48,"ERRO","OK") -> OK | M48: =IF(H48>J48,"ERRO","OK") -> OK | N48: =IF(I48<J48,"ERRO","OK") -> OK
A49: 38 | B49: 2023 | C49: 44938 | D49: GRUPO A - Verduras (Folhosas, Flores e Hastes) | E49: Couve | H49: 15 | I49: 24 | J49: 19 | K49: 18 | L49: =IF(H49>I49,"ERRO","OK") -> OK | M49: =IF(H49>J49,"ERRO","OK") -> OK | N49: =IF(I49<J49,"ERRO","OK") -> OK
A50: 38 | B50: 2023 | C50: 44938 | D50: GRUPO A - Verduras (Folhosas, Flores e Hastes) | E50: Couve-flor | F50: 12 unidades | G50: 60 | H50: 60 | I50: 66 | J50: 62 | K50: 60 | L50: =IF(H50>I50,"ERRO","OK") -> OK | M50: =IF(H50>J50,"ERRO","OK") -> OK | N50: =IF(I50<J50,"ERRO","OK") -> OK
A51: 38 | B51: 2023 | C51: 44938 | D51: GRUPO A - Verduras (Folhosas, Flores e Hastes) | E51: Escarola | F51: 12 unidades | H51: 15 | I51: 24 | J51: 19 | K51: 18 | L51: =IF(H51>I51,"ERRO","OK") -> OK | M51: =IF(H51>J51,"ERRO","OK") -> OK | N51: =IF(I51<J51,"ERRO","OK") -> OK
A52: 38 | B52: 2023 | C52: 44938 | D52: GRUPO A - Verduras (Folhosas, Flores e Hastes) | E52: Espinafre | F52: 12 unidades | H52: 54 | I52: 60 | J52: 57 | K52: 57 | L52: =IF(H52>I52,"ERRO","OK") -> OK | M52: =IF(H52>J52,"ERRO","OK") -> OK | N52: =IF(I52<J52,"ERRO","OK") -> OK
A53: 38 | B53: 2023 | C53: 44938 | D53: GRUPO A - Verduras (Folhosas, Flores e Hastes) | E53: Rabanete | F53: 12 maços | H53: 54 | I53: 60 | J53: 57 | K53: 57 | L53: =IF(H53>I53,"ERRO","OK") -> OK | M53: =IF(H53>J53,"ERRO","OK") -> OK | N53: =IF(I53<J53,"ERRO","OK") -> OK
A54: 38 | B54: 2023 | C54: 44938 | D54: GRUPO A - Verduras (Folhosas, Flores e Hastes) | E54: Repolho roxo | F54: 12 unidades | H54: 30 | I54: 60 | J54: 42 | K54: 36 | L54: =IF(H54>I54,"ERRO","OK") -> OK | M54: =IF(H54>J54,"ERRO","OK") -> OK | N54: =IF(I54<J54,"ERRO","OK") -> OK
A55: 38 | B55: 2023 | C55: 44938 | D55: GRUPO A - Verduras (Folhosas, Flores e Hastes) | E55: Repolho Verde | F55: 12 unidades | H55: 20 | I55: 36 | J55: 27 | K55: 25 | L55: =IF(H55>I55,"ERRO","OK") -> OK | M55: =IF(H55>J55,"ERRO","OK") -> OK | N55: =IF(I55<J55,"ERRO","OK") -> OK
A56: 38 | B56: 2023 | C56: 44938 | D56: GRUPO A - Verduras (Folhosas, Flores e Hastes) | E56: Rúcula | F56: 12 unidades | G56: 42 | H56: 36 | I56: 42 | J56: 40 | K56: 42 | L56: =IF(H56>I56,"ERRO","OK") -> OK | M56: =IF(H56>J56,"ERRO","OK") -> OK | N56: =IF(I56<J56,"ERRO","OK") -> OK
A57: 38 | B57: 2023 | C57: 44938 | D57: GRUPO B - Hortaliças Condimentares (Temperos) | E57: Cebolinha | F57: Maço 0,5 kg | G57: 4 | H57: 3.5 | I57: 5 | J57: 4.13 | K57: 4 | L57: =IF(H57>I57,"ERRO","OK") -> ERRO | M57: =IF(H57>J57,"ERRO","OK") -> OK | N57: =IF(I57<J57,"ERRO","OK") -> ERRO
A58: 38 | B58: 2023 | C58: 44938 | D58: GRUPO B - Hortaliças Condimentares (Temperos) | E58: Coentro | F58: Maço 2 kg | G58: 20 | H58: 20 | I58: 25 | J58: 21 | K58: 20 | L58: =IF(H58>I58,"ERRO","OK") -> OK | M58: =IF(H58>J58,"ERRO","OK") -> OK | N58: =IF(I58<J58,"ERRO","OK") -> OK
A59: 38 | B59: 2023 | C59: 44938 | D59: GRUPO B - Hortaliças Condimentares (Temperos) | E59: Salsinha | F59: Maço 2 kg | G59: 20 | H59: 20 | I59: 25 | J59: 22.5 | K59: 22.5 | L59: =IF(H59>I59,"ERRO","OK") -> OK | M59: =IF(H59>J59,"ERRO","OK") -> OK | N59: =IF(I59<J59,"ERRO","OK") -> ERRO
A60: 38 | B60: 2023 | C60: 44938 | D60: GRUPO C - Hortaliças Legumes (Leguminosas (Vagens), Frutos, Raízes Tuberosas, Tubérculos e Bulbos) | E60: Abobrinha Italiana | F60: 17 kg | G60: 100 | H60: 80 | I60: 100 | J60: 95.71 | K60: 100 | L60: =IF(H60>I60,"ERRO","OK") -> OK | M60: =IF(H60>J60,"ERRO","OK") -> OK | N60: =IF(I60<J60,"ERRO","OK") -> ERRO
A61: 38 | B61: 2023 | C61: 44938 | D61: GRUPO C - Hortaliças Legumes (Leguminosas (Vagens), Frutos, Raízes Tuberosas, Tubérculos e Bulbos) | E61: Batata | H61: 40 | I61: 65 | J61: 52.5 | K61: 52.5 | L61: =IF(H61>I61,"ERRO","OK") -> OK | M61: =IF(H61>J61,"ERRO","OK") -> OK | N61: =IF(I61<J61,"ERRO","OK") -> ERRO
A62: 38 | B62: 2023 | C62: 44938 | D62: GRUPO C - Hortaliças Legumes (Leguminosas (Vagens), Frutos, Raízes Tuberosas, Tubérculos e Bulbos) | E62: Berinjela comum | F62: 10 kg | G62: 50 | H62: 45 | I62: 55 | J62: 50 | K62: 50 | L62: =IF(H62>I62,"ERRO","OK") -> OK | M62: =IF(H62>J62,"ERRO","OK") -> OK | N62: =IF(I62<J62,"ERRO","OK") -> OK
A63: 38 | B63: 2023 | C63: 44938 | D63: GRUPO C - Hortaliças Legumes (Leguminosas (Vagens), Frutos, Raízes Tuberosas, Tubérculos e Bulbos) | E63: Berinjela japonesa | F63: 10 kg | L63: =IF(H63>I63,"ERRO","OK") -> OK | M63: =IF(H63>J63,"ERRO","OK") -> OK | N63: =IF(I63<J63,"ERRO","OK") -> OK
A64: 38 | B64: 2023 | C64: 44938 | D64: GRUPO C - Hortaliças Legumes (Leguminosas (Vagens), Frutos, Raízes Tuberosas, Tubérculos e Bulbos) | E64: Beterraba | F64: 20 kg | G64: 50 | H64: 50 | I64: 60 | J64: 55 | K64: 55 | L64: =IF(H64>I64,"ERRO","OK") -> OK | M64: =IF(H64>J64,"ERRO","OK") -> OK | N64: =IF(I64<J64,"ERRO","OK") -> OK
A65: 38 | B65: 2023 | C65: 44938 | D65: GRUPO C - Hortaliças Legumes (Leguminosas (Vagens), Frutos, Raízes Tuberosas, Tubérculos e Bulbos) | E65: Cenoura | F65: 18 kg | G65: 50 | H65: 40 | I65: 75 | J65: 56.67 | K65: 52.5 | L65: =IF(H65>I65,"ERRO","OK") -> OK | M65: =IF(H65>J65,"ERRO","OK") -> OK | N65: =IF(I65<J65,"ERRO","OK") -> ERRO
A66: 38 | B66: 2023 | C66: 44938 | D66: GRUPO C - Hortaliças Legumes (Leguminosas (Vagens), Frutos, Raízes Tuberosas, Tubérculos e Bulbos) | E66: Chuchu | F66: 18 kg | G66: 70 | H66: 50 | I66: 90 | J66: 71.43 | K66: 70 | L66: =IF(H66>I66,"ERRO","OK") -> OK | M66: =IF(H66>J66,"ERRO","OK") -> OK | N66: =IF(I66<J66,"ERRO","OK") -> ERRO
A67: 38 | B67: 2023 | C67: 44938 | D67: GRUPO C - Hortaliças Legumes (Leguminosas (Vagens), Frutos, Raízes Tuberosas, Tubérculos e Bulbos) | E67: Jiló | F67: 17 kg | H67: 60 | I67: 65 | J67: 62.5 | K67: 62.5 | L67: =IF(H67>I67,"ERRO","OK") -> OK | M67: =IF(H67>J67,"ERRO","OK") -> OK | N67: =IF(I67<J67,"ERRO","OK") -> ERRO
A68: 38 | B68: 2023 | C68: 44938 | D68: GRUPO C - Hortaliças Legumes (Leguminosas (Vagens), Frutos, Raízes Tuberosas, Tubérculos e Bulbos) | E68: Mandioca | F68: 18 kg | H68: 60 | I68: 65 | J68: 62.5 | K68: 62.5 | L68: =IF(H68>I68,"ERRO","OK") -> OK | M68: =IF(H68>J68,"ERRO","OK") -> OK | N68: =IF(I68<J68,"ERRO","OK") -> ERRO
A69: 38 | B69: 2023 | C69: 44938 | D69: GRUPO C - Hortaliças Legumes (Leguminosas (Vagens), Frutos, Raízes Tuberosas, Tubérculos e Bulbos) | E69: Pepino comum | F69: 17 kg | G69: 60 | H69: 50 | I69: 60 | J69: 57.5 | K69: 60 | L69: =IF(H69>I69,"ERRO","OK") -> OK | M69: =IF(H69>J69,"ERRO","OK") -> OK | N69: =IF(I69<J69,"ERRO","OK") -> ERRO
A70: 38 | B70: 2023 | C70: 44938 | D70: GRUPO C - Hortaliças Legumes (Leguminosas (Vagens), Frutos, Raízes Tuberosas, Tubérculos e Bulbos) | E70: Pepino japonês | F70: 17 kg | G70: 70 | H70: 70 | I70: 80 | J70: 73 | K70: 70 | L70: =IF(H70>I70,"ERRO","OK") -> OK | M70: =IF(H70>J70,"ERRO","OK") -> OK | N70: =IF(I70<J70,"ERRO","OK") -> OK
A71: 38 | B71: 2023 | C71: 44938 | D71: GRUPO C - Hortaliças Legumes (Leguminosas (Vagens), Frutos, Raízes Tuberosas, Tubérculos e Bulbos) | E71: Pimentão verde | F71: 10 kg | G71: 40 | H71: 30 | I71: 50 | J71: 39.38 | K71: 40 | L71: =IF(H71>I71,"ERRO","OK") -> OK | M71: =IF(H71>J71,"ERRO","OK") -> OK | N71: =IF(I71<J71,"ERRO","OK") -> ERRO
A72: 38 | B72: 2023 | C72: 44938 | D72: GRUPO C - Hortaliças Legumes (Leguminosas (Vagens), Frutos, Raízes Tuberosas, Tubérculos e Bulbos) | E72: Quiabo | F72: 12 kg | G72: 70 | H72: 70 | I72: 130 | J72: 102.86 | K72: 110 | L72: =IF(H72>I72,"ERRO","OK") -> OK | M72: =IF(H72>J72,"ERRO","OK") -> OK | N72: =IF(I72<J72,"ERRO","OK") -> ERRO
A73: 38 | B73: 2023 | C73: 44938 | D73: GRUPO C - Hortaliças Legumes (Leguminosas (Vagens), Frutos, Raízes Tuberosas, Tubérculos e Bulbos) | E73: Tomate Débora | F73: 17 kg | G73: 90 | H73: 80 | I73: 100 | J73: 92 | K73: 90 | L73: =IF(H73>I73,"ERRO","OK") -> OK | M73: =IF(H73>J73,"ERRO","OK") -> OK | N73: =IF(I73<J73,"ERRO","OK") -> OK
A74: 38 | B74: 2023 | C74: 44938 | D74: GRUPO C - Hortaliças Legumes (Leguminosas (Vagens), Frutos, Raízes Tuberosas, Tubérculos e Bulbos) | E74: Vagem macarrão | F74: 17 kg | G74: 100 | H74: 100 | I74: 130 | J74: 108 | K74: 100 | L74: =IF(H74>I74,"ERRO","OK") -> OK | M74: =IF(H74>J74,"ERRO","OK") -> OK | N74: =IF(I74<J74,"ERRO","OK") -> OK
A75: 38 | B75: 2023 | C75: 44938 | D75: GRUPO D - Frutas | E75: Caqui Fuyu | F75: 17 kg | L75: =IF(H75>I75,"ERRO","OK") -> OK | M75: =IF(H75>J75,"ERRO","OK") -> OK | N75: =IF(I75<J75,"ERRO","OK") -> OK
A76: 38 | B76: 2023 | C76: 44938 | D76: GRUPO D - Frutas | E76: Caqui Guimbo | F76: 17 kg | L76: =IF(H76>I76,"ERRO","OK") -> OK | M76: =IF(H76>J76,"ERRO","OK") -> OK | N76: =IF(I76<J76,"ERRO","OK") -> OK
A77: 38 | B77: 2023 | C77: 44938 | D77: GRUPO D - Frutas | E77: Caqui Rama Forte | F77: 17 kg | L77: =IF(H77>I77,"ERRO","OK") -> OK | M77: =IF(H77>J77,"ERRO","OK") -> OK | N77: =IF(I77<J77,"ERRO","OK") -> OK
A78: 38 | B78: 2023 | C78: 44938 | D78: GRUPO D - Frutas | E78: Goiaba | F78: 10 kg | H78: 28 | I78: 28 | J78: 28 | K78: 28 | L78: =IF(H78>I78,"ERRO","OK") -> OK | M78: =IF(H78>J78,"ERRO","OK") -> OK | N78: =IF(I78<J78,"ERRO","OK") -> OK
A79: 38 | B79: 2023 | C79: 44938 | D79: GRUPO D - Frutas | E79: Mexerica Polkan | F79: 22 kg | L79: =IF(H79>I79,"ERRO","OK") -> OK | M79: =IF(H79>J79,"ERRO","OK") -> OK | N79: =IF(I79<J79,"ERRO","OK") -> OK
A80: 39 | B80: 2023 | C80: 44945 | D80: GRUPO A - Verduras (Folhosas, Flores e Hastes) | E80: Acelga | F80: 12 unidades | G80: 42 | H80: 42 | I80: 42 | J80: 42 | K80: 42 | L80: =IF(H80>I80,"ERRO","OK") -> OK | M80: =IF(H80>J80,"ERRO","OK") -> OK | N80: =IF(I80<J80,"ERRO","OK") -> OK
A81: 39 | B81: 2023 | C81: 44945 | D81: GRUPO A - Verduras (Folhosas, Flores e Hastes) | E81: Agrião | F81: 12 unidades | G81: 60 | H81: 60 | I81: 60 | J81: 60 | K81: 60 | L81: =IF(H81>I81,"ERRO","OK") -> OK | M81: =IF(H81>J81,"ERRO","OK") -> OK | N81: =IF(I81<J81,"ERRO","OK") -> OK
A82: 39 | B82: 2023 | C82: 44945 | D82: GRUPO A - Verduras (Folhosas, Flores e Hastes) | E82: Alface Americana | F82: 12 unidades | G82: 30 | H82: 30 | I82: 42 | J82: 34 | K82: 30 | L82: =IF(H82>I82,"ERRO","OK") -> OK | M82: =IF(H82>J82,"ERRO","OK") -> OK | N82: =IF(I82<J82,"ERRO","OK") -> OK
A83: 39 | B83: 2023 | C83: 44945 | D83: GRUPO A - Verduras (Folhosas, Flores e Hastes) | E83: Alface crespa | F83: 12 unidades | G83: 24 | H83: 20 | I83: 24 | J83: 22.5 | K83: 23 | L83: =IF(H83>I83,"ERRO","OK") -> OK | M83: =IF(H83>J83,"ERRO","OK") -> OK | N83: =IF(I83<J83,"ERRO","OK") -> ERRO
A84: 39 | B84: 2023 | C84: 44945 | D84: GRUPO A - Verduras (Folhosas, Flores e Hastes) | E84: Alface lisa | F84: 12 unidades | H84: 18 | I84: 24 | J84: 21 | K84: 21 | L84: =IF(H84>I84,"ERRO","OK") -> OK | M84: =IF(H84>J84,"ERRO","OK") -> OK | N84: =IF(I84<J84,"ERRO","OK") -> OK
A85: 39 | B85: 2023 | C85: 44945 | D85: GRUPO A - Verduras (Folhosas, Flores e Hastes) | E85: Almeirão | F85: 12 unidades | H85: 24 | I85: 48 | J85: 38 | K85: 42 | L85: =IF(H85>I85,"ERRO","OK") -> OK | M85: =IF(H85>J85,"ERRO","OK") -> OK | N85: =IF(I85<J85,"ERRO","OK") -> OK
A86: 39 | B86: 2023 | C86: 44945 | D86: GRUPO A - Verduras (Folhosas, Flores e Hastes) | E86: Brócolos ninja/japonês | F86: 12 unidades | H86: 72 | I86: 78 | J86: 75 | K86: 75 | L86: =IF(H86>I86,"ERRO","OK") -> OK | M86: =IF(H86>J86,"ERRO","OK") -> OK | N86: =IF(I86<J86,"ERRO","OK") -> OK
A87: 39 | B87: 2023 | C87: 44945 | D87: GRUPO A - Verduras (Folhosas, Flores e Hastes) | E87: Brócolos ramoso | F87: 12 unidades | H87: 50 | I87: 84 | J87: 64.67 | K87: 60 | L87: =IF(H87>I87,"ERRO","OK") -> OK | M87: =IF(H87>J87,"ERRO","OK") -> OK | N87: =IF(I87<J87,"ERRO","OK") -> ERRO
A88: 39 | B88: 2023 | C88: 44945 | D88: GRUPO A - Verduras (Folhosas, Flores e Hastes) | E88: Couve-Manteiga | F88: 12 unidades | G88: 18 | H88: 18 | I88: 24 | J88: 20 | K88: 18 | L88: =IF(H88>I88,"ERRO","OK") -> OK | M88: =IF(H88>J88,"ERRO","OK") -> OK | N88: =IF(I88<J88,"ERRO","OK") -> OK
A89: 39 | B89: 2023 | C89: 44945 | D89: GRUPO A - Verduras (Folhosas, Flores e Hastes) | E89: Couve | H89: 55 | I89: 80 | J89: 67.5 | K89: 67.5 | L89: =IF(H89>I89,"ERRO","OK") -> OK | M89: =IF(H89>J89,"ERRO","OK") -> OK | N89: =IF(I89<J89,"ERRO","OK") -> ERRO
A90: 39 | B90: 2023 | C90: 44945 | D90: GRUPO A - Verduras (Folhosas, Flores e Hastes) | E90: Escarola | F90: 12 unidades | H90: 18 | I90: 24 | J90: 21 | K90: 21 | L90: =IF(H90>I90,"ERRO","OK") -> OK | M90: =IF(H90>J90,"ERRO","OK") -> OK | N90: =IF(I90<J90,"ERRO","OK") -> OK
A91: 39 | B91: 2023 | C91: 44945 | D91: GRUPO A - Verduras (Folhosas, Flores e Hastes) | E91: Espinafre | F91: 12 unidades | G91: 60 | H91: 60 | I91: 60 | J91: 60 | K91: 60 | L91: =IF(H91>I91,"ERRO","OK") -> OK | M91: =IF(H91>J91,"ERRO","OK") -> OK | N91: =IF(I91<J91,"ERRO","OK") -> OK
A92: 39 | B92: 2023 | C92: 44945 | D92: GRUPO A - Verduras (Folhosas, Flores e Hastes) | E92: Rabanete | F92: 12 maços | H92: 48 | I92: 60 | J92: 54 | K92: 54 | L92: =IF(H92>I92,"ERRO","OK") -> OK | M92: =IF(H92>J92,"ERRO","OK") -> OK | N92: =IF(I92<J92,"ERRO","OK") -> OK
A93: 39 | B93: 2023 | C93: 44945 | D93: GRUPO A - Verduras (Folhosas, Flores e Hastes) | E93: Repolho roxo | F93: 12 unidades | H93: 42 | I93: 66 | J93: 54 | K93: 54 | L93: =IF(H93>I93,"ERRO","OK") -> OK | M93: =IF(H93>J93,"ERRO","OK") -> OK | N93: =IF(I93<J93,"ERRO","OK") -> OK
A94: 39 | B94: 2023 | C94: 44945 | D94: GRUPO A - Verduras (Folhosas, Flores e Hastes) | E94: Repolho Verde | F94: 12 unidades | G94: 30 | H94: 25 | I94: 30 | J94: 28.33 | K94: 30 | L94: =IF(H94>I94,"ERRO","OK") -> OK | M94: =IF(H94>J94,"ERRO","OK") -> OK | N94: =IF(I94<J94,"ERRO","OK") -> ERRO
A95: 39 | B95: 2023 | C95: 44945 | D95: GRUPO A - Verduras (Folhosas, Flores e Hastes) | E95: Rúcula | F95: 12 unidades | G95: 42 | H95: 30 | I95: 42 | J95: 37.5 | K95: 39 | L95: =IF(H95>I95,"ERRO","OK") -> OK | M95: =IF(H95>J95,"ERRO","OK") -> OK | N95: =IF(I95<J95,"ERRO","OK") -> ERRO
A96: 39 | B96: 2023 | C96: 44945 | D96: GRUPO B - Hortaliças Condimentares (Temperos) | E96: Cebolinha | F96: Maço 0,5 kg | G96: 4 | H96: 4 | I96: 5 | J96: 4.33 | K96: 4 | L96: =IF(H96>I96,"ERRO","OK") -> OK | M96: =IF(H96>J96,"ERRO","OK") -> OK | N96: =IF(I96<J96,"ERRO","OK") -> ERRO
A97: 39 | B97: 2023 | C97: 44945 | D97: GRUPO B - Hortaliças Condimentares (Temperos) | E97: Coentro | F97: Maço 2 kg | G97: 20 | H97: 20 | I97: 22 | J97: 20.67 | K97: 20 | L97: =IF(H97>I97,"ERRO","OK") -> OK | M97: =IF(H97>J97,"ERRO","OK") -> OK | N97: =IF(I97<J97,"ERRO","OK") -> ERRO
A98: 39 | B98: 2023 | C98: 44945 | D98: GRUPO B - Hortaliças Condimentares (Temperos) | E98: Salsinha | F98: Maço 2 kg | G98: 25 | H98: 25 | I98: 25 | J98: 25 | K98: 25 | L98: =IF(H98>I98,"ERRO","OK") -> OK | M98: =IF(H98>J98,"ERRO","OK") -> OK | N98: =IF(I98<J98,"ERRO","OK") -> OK
A99: 39 | B99: 2023 | C99: 44945 | D99: GRUPO C - Hortaliças Legumes (Leguminosas (Vagens), Frutos, Raízes Tuberosas, Tubérculos e Bulbos) | E99: Abobrinha Italiana | F99: 17 kg | G99: 60 | H99: 40 | I99: 60 | J99: 52 | K99: 55 | L99: =IF(H99>I99,"ERRO","OK") -> OK | M99: =IF(H99>J99,"ERRO","OK") -> OK | N99: =IF(I99<J99,"ERRO","OK") -> OK
A100: 39 | B100: 2023 | C100: 44945 | D100: GRUPO C - Hortaliças Legumes (Leguminosas (Vagens), Frutos, Raízes Tuberosas, Tubérculos e Bulbos) | E100: Batata-doce | F100: 18 kg | G100: 50 | H100: 50 | I100: 65 | J100: 55.83 | K100: 55 | L100: =IF(H100>I100,"ERRO","OK") -> OK | M100: =IF(H100>J100,"ERRO","OK") -> OK | N100: =IF(I100<J100,"ERRO","OK") -> ERRO
...

Sheet Planilha11
A1: Numero do boletim | B1: Ano do boletim | C1: Produto | D1: Unidade de medida | E1: Comum | F1: Mínimo | G1: Máximo | H1: Média | I1: Mediana
A2: 88 | B2: 2024 | C2: Acelga | D2: 12 unidades | E2: - | F2: 36 | G2: 72 | H2: 54 | I2: 54
A3: 88 | B3: 2024 | C3: Agrião | D3: 12 unidades | E3: 96 | F3: 54 | G3: 96 | H3: 82.5 | I3: 90
A4: 88 | B4: 2024 | C4: Alface Americana | D4: 12 unidades | E4: - | F4: 40 | G4: 60 | H4: 48.25 | I4: 46.5
A5: 88 | B5: 2024 | C5: Alface crespa | D5: 12 unidades | E5: 30 | F5: 25 | G5: 50 | H5: 33.75 | I5: 30
A6: 88 | B6: 2024 | C6: Alface lisa | D6: 12 unidades | E6: 30 | F6: 25 | G6: 50 | H6: 33.75 | I6: 30
A7: 88 | B7: 2024 | C7: Almeirão | D7: 12 unidades | E7: 60 | F7: 60 | G7: 120 | H7: 76.5 | I7: 63
A8: 88 | B8: 2024 | C8: Brócolos ninja/japonês | D8: 12 unidades | E8: 84 | F8: 78 | G8: 84 | H8: 81 | I8: 81
A9: 88 | B9: 2024 | C9: Brócolos ramoso | D9: 12 unidades | E9: 84 | F9: 72 | G9: 96 | H9: 84 | I9: 84
A10: 88 | B10: 2024 | C10: Couve-Manteiga | D10: 12 unidades | E10: 24 | F10: 24 | G10: 30 | H10: 25.5 | I10: 24
A11: 88 | B11: 2024 | C11: Couve-flor | D11: 12 unidades | E11: 96 | F11: 72 | G11: 96 | H11: 87 | I11: 90
A12: 88 | B12: 2024 | C12: Escarola | D12: 12 unidades | E12: 30 | F12: 25 | G12: 36 | H12: 30.25 | I12: 30
A13: 88 | B13: 2024 | C13: Espinafre | D13: 12 unidades | E13: 72 | F13: 60 | G13: 84 | H13: 72 | I13: 72
A14: 88 | B14: 2024 | C14: Rabanete | D14: 12 maços | E14: 72 | F14: 60 | G14: 96 | H14: 75 | I14: 72
A15: 88 | B15: 2024 | C15: Repolho roxo | D15: 12 unidades | E15: 60 | F15: 54 | G15: 72 | H15: 61.5 | I15: 60
A16: 88 | B16: 2024 | C16: Repolho Verde | D16: 12 unidades | E16: 48 | F16: 36 | G16: 48 | H16: 42 | I16: 42
... A23: 88 | B23: 2024 | C23: Batata-doce | D23: 18 kg | E23: 70 | F23: 45 | G23: 70 | H23: 62.5 | I23: 67.5
A24: 88 | B24: 2024 | C24: Berinjela comum | D24: 10 kg | E24: - | F24: 40 | G24: 65 | H24: 53.75 | I24: 55
A25: 88 | B25: 2024 | C25: Berinjela japonesa | D25: 10 kg | E25: - | F25: 65 | G25: 75 | H25: 70 | I25: 70
A26: 88 | B26: 2024 | C26: Beterraba | D26: 20 kg | E26: 60 | F26: 50 | G26: 60 | H26: 55 | I26: 55
A27: 88 | B27: 2024 | C27: Cenoura | D27: 18 kg | E27: - | F27: 60 | G27: 100 | H27: 80 | I27: 80
A28: 88 | B28: 2024 | C28: Chuchu | D28: 18 kg | E28: - | F28: 45 | G28: 90 | H28: 63.75 | I28: 60
A29: 88 | B29: 2024 | C29: Jiló | D29: 17 kg | E29: - | F29: 70 | G29: 100 | H29: 85 | I29: 85
A30: 88 | B30: 2024 | C30: Mandioca | D30: 18 kg | E30: - | F30: 50 | G30: 75 | H30: 62.5 | I30: 62.5
A31: 88 | B31: 2024 | C31: Pepino comum | D31: 17 kg | E31: 80 | F31: 45 | G31: 80 | H31: 68.33 | I31: 80
A32: 88 | B32: 2024 | C32: Pepino japonês | D32: 17 kg | E32: 90 | F32: 80 | G32: 120 | H32: 95 | I32: 90
A33: 88 | B33: 2024 | C33: Pimentão verde | D33: 10 kg | E33: 30 | F33: 20 | G33: 40 | H33: 30 | I33: 30
A34: 88 | B34: 2024 | C34: Quiabo | D34: 12 kg | E34: 90 | F34: 50 | G34: 90 | H34: 78.75 | I34: 87.5
A35: 88 | B35: 2024 | C35: Tomate Débora | D35: 17 kg | E35: - | F35: 60 | G35: 120 | H35: 92.5 | I35: 95
A36: 88 | B36: 2024 | C36: Vagem macarrão | D36: 17 kg | E36: 50 | F36: 50 | G36: 70 | H36: 56.67 | I36: 50
A37: 88 | B37: 2024 | C37: Caqui Fuyu | D37: 10 kg | E37: - | F37: - | G37: - | H37: - | I37: -
A38: 88 | B38: 2024 | C38: Caqui Guimbo | D38: 10 kg | E38: - | F38: - | G38: - | H38: - | I38: -
A39: 88 | B39: 2024 | C39: Caqui Rama Forte | D39: 10 kg | E39: - | F39: - | G39: - | H39: - | I39: -
A40: 88 | B40: 2024 | C40: Goiaba | D40: 10 kg | E40: - | F40: - | G40: - | H40: - | I40: -
A41: 88 | B41: 2024 | C41: Mexerica Polkan | D41: 22 kg | E41: - | F41: - | G41: - | H41: - | I41: -
A42: 85 | B42: 2024 | C42: Acelga | D42: 12 unidades | E42: - | F42: 36 | G42: 72 | H42: 54 | I42: 54
A43: 85 | B43: 2024 | C43: Agrião | D43: 12 unidades | E43: 96 | F43: 54 | G43: 96 | H43: 82.5 | I43: 90
A44: 85 | B44: 2024 | C44: Alface Americana | D44: 12 unidades | E44: - | F44: 40 | G44: 60 | H44: 48.25 | I44: 46.5
A45: 85 | B45: 2024 | C45: Alface crespa | D45: 12 unidades | E45: 30 | F45: 25 | G45: 50 | H45: 33.75 | I45: 30
A46: 85 | B46: 2024 | C46: Alface lisa | D46: 12 unidades | E46: 30 | F46: 25 | G46: 50 | H46: 33.75 | I46: 30
A47: 85 | B47: 2024 | C47: Almeirão | D47: 12 unidades | E47: 60 | F47: 60 | G47: 120 | H47: 76.5 | I47: 63
A48: 85 | B48: 2024 | C48: Brócolos ninja/japonês | D48: 12 unidades | E48: 84 | F48: 78 | G48: 84 | H48: 81 | I48: 81
A49: 85 | B49: 2024 | C49: Brócolos ramoso | D49: 12 unidades | E49: 84 | F49: 72 | G49: 96 | H49: 84 | I49: 84
A50: 85 | B50: 2024 | C50: Couve-Manteiga | D50: 12 unidades | E50: 24 | F50: 24 | G50: 30 | H50: 25.5 | I50: 24
A51: 85 | B51: 2024 | C51: Couve-flor | D51: 12 unidades | E51: 96 | F51: 72 | G51: 96 | H51: 87 | I51: 90
A52: 85 | B52: 2024 | C52: Escarola | D52: 12 unidades | E52: 30 | F52: 25 | G52: 36 | H52: 30.25 | I52: 30
A53: 85 | B53: 2024 | C53: Espinafre | D53: 12 unidades | E53: 72 | F53: 60 | G53: 84 | H53: 72 | I53: 72
A54: 85 | B54: 2024 | C54: Rabanete | D54: 12 maços | E54: 72 | F54: 60 | G54: 96 | H54: 75 | I54: 72
A55: 85 | B55: 2024 | C55: Repolho roxo | D55: 12 unidades | E55: 60 | F55: 54 | G55: 72 | H55: 61.5 | I55: 60
A56: 85 | B56: 2024 | C56: Repolho Verde | D56: 12 unidades | E56: 48 | F56: 36 | G56: 48 | H56: 42 | I56: 42
... A63: 85 | B63: 2024 | C63: Batata-doce | D63: 18 kg | E63: 70 | F63: 45 | G63: 70 | H63: 62.5 | I63: 67.5
A64: 85 | B64: 2024 | C64: Berinjela comum | D64: 10 kg | E64: - | F64: 40 | G64: 65 | H64: 53.75 | I64: 55
A65: 85 | B65: 2024 | C65: Berinjela japonesa | D65: 10 kg | E65: - | F65: 65 | G65: 75 | H65: 70 | I65: 70
A66: 85 | B66: 2024 | C66: Beterraba | D66: 20 kg | E66: 60 | F66: 50 | G66: 60 | H66: 55 | I66: 55
A67: 85 | B67: 2024 | C67: Cenoura | D67: 18 kg | E67: - | F67: 60 | G67: 100 | H67: 80 | I67: 80
A68: 85 | B68: 2024 | C68: Chuchu | D68: 18 kg | E68: - | F68: 45 | G68: 90 | H68: 63.75 | I68: 60
A69: 85 | B69: 2024 | C69: Jiló | D69: 17 kg | E69: - | F69: 70 | G69: 100 | H69: 85 | I69: 85
A70: 85 | B70: 2024 | C70: Mandioca | D70: 18 kg | E70: - | F70: 50 | G70: 75 | H70: 62.5 | I70: 62.5
A71: 85 | B71: 2024 | C71: Pepino comum | D71: 17 kg | E71: 80 | F71: 45 | G71: 80 | H71: 68.33 | I71: 80
A72: 85 | B72: 2024 | C72: Pepino japonês | D72: 17 kg | E72: 90 | F72: 80 | G72: 120 | H72: 95 | I72: 90
A73: 85 | B73: 2024 | C73: Pimentão verde | D73: 10 kg | E73: 30 | F73: 20 | G73: 40 | H73: 30 | I73: 30
A74: 85 | B74: 2024 | C74: Quiabo | D74: 12 kg | E74: 90 | F74: 50 | G74: 90 | H74: 78.75 | I74: 87.5
A75: 85 | B75: 2024 | C75: Tomate Débora | D75: 17 kg | E75: - | F75: 60 | G75: 120 | H75: 92.5 | I75: 95
A76: 85 | B76: 2024 | C76: Vagem macarrão | D76: 17 kg | E76: 50 | F76: 50 | G76: 70 | H76: 56.67 | I76: 50
A77: 85 | B77: 2024 | C77: Caqui Fuyu | D77: 10 kg | E77: - | F77: - | G77: - | H77: - | I77: -
A78: 85 | B78: 2024 | C78: Caqui Guimbo | D78: 10 kg | E78: - | F78: - | G78: - | H78: - | I78: -
A79: 85 | B79: 2024 | C79: Caqui Rama Forte | D79: 10 kg | E79: - | F79: - | G79: - | H79: - | I79: -
A80: 85 | B80: 2024 | C80: Goiaba | D80: 10 kg | E80: - | F80: - | G80: - | H80: - | I80: -
A81: 85 | B81: 2024 | C81: Mexerica Polkan | D81: 22 kg | E81: - | F81: - | G81: - | H81: - | I81: -
A82: 61 | B82: 2024 | C82: Acelga | D82: 12 unidades | E82: 60 | F82: 48 | G82: 60 | H82: 54 | I82: 54
A83: 61 | B83: 2024 | C83: Agrião | D83: 12 unidades | E83: 84 | F83: 72 | G83: 84 | H83: 78 | I83: 78
A84: 61 | B84: 2024 | C84: Alface Americana | D84: 12 unidades | E84: 36 | F84: 35 | G84: 42 | H84: 37.25 | I84: 36
A85: 61 | B85: 2024 | C85: Alface crespa | D85: 12 unidades | E85: 18 | F85: 18 | G85: 24 | H85: 21 | I85: 21
A86: 61 | B86: 2024 | C86: Alface lisa | D86: 12 unidades | E86: 18 | F86: 18 | G86: 24 | H86: 21 | I86: 21
A87: 61 | B87: 2024 | C87: Almeirão | D87: 12 unidades | E87: 60 | F87: 60 | G87: 60 | H87: 60 | I87: 60
A88: 61 | B88: 2024 | C88: Brócolos ninja/japonês | D88: 12 unidades | E88: 60 | F88: 48 | G88: 60 | H88: 57 | I88: 60
A89: 61 | B89: 2024 | C89: Brócolos ramoso | D89: 12 unidades | E89: 72 | F89: 72 | G89: 84 | H89: 78 | I89: 78
A90: 61 | B90: 2024 | C90: Couve-Manteiga | D90: 12 unidades | E90: 24 | F90: 24 | G90: 25 | H90: 24.25 | I90: 24
A91: 61 | B91: 2024 | C91: Couve-flor | D91: 12 unidades | E91: - | F91: 50 | G91: 84 | H91: 66.5 | I91: 66
A92: 61 | B92: 2024 | C92: Escarola | D92: 12 unidades | E92: 18 | F92: 18 | G92: 24 | H92: 21 | I92: 21
A93: 61 | B93: 2024 | C93: Espinafre | D93: 12 unidades | E93: 60 | F93: 60 | G93: 72 | H93: 63 | I93: 60
A94: 61 | B94: 2024 | C94: Rabanete | D94: 12 maços | E94: 60 | F94: 60 | G94: 60 | H94: 60 | I94: 60
A95: 61 | B95: 2024 | C95: Repolho roxo | D95: 12 unidades | E95: - | F95: 45 | G95: 72 | H95: 56.25 | I95: 54
A96: 61 | B96: 2024 | C96: Repolho Verde | D96: 12 unidades | E96: 48 | F96: 40 | G96: 48 | H96: 46 | I96: 48
A97: 61 | B97: 2024 | C97: Rúcula | D97: 12 unidades | E97: 54 | F97: 48 | G97: 54 | H97: 51 | I97: 51
A98: 61 | B98: 2024 | C98: Cebolinha | D98: Maço 0,5 kg | E98: 5 | F98: 4 | G98: 5 | H98: 4.75 | I98: 5
A99: 61 | B99: 2024 | C99: Coentro | D99: Maço 2 kg | E99: 15 | F99: 12 | G99: 15 | H99: 14.25 | I99: 15
A100: 61 | B100: 2024 | C100: Salsinha | D100: Maço 2 kg | E100: 30 | F100: 20 | G100: 30 | H100: 26.25 | I100: 27.5
A101: 61 | B101: 2024 | C101: Abóbora Cabotiá | D101: 30 kg | E101: - | F101: - | G101: - | H101: - | I101: -
A102: 61 | B102: 2024 | C102: Abobrinha Italiana | D102: 17 kg | E102: - | F102: 35 | G102: 75 | H102: 55.71 | I102: 55
A103: 61 | B103: 2024 | C103: Batata-doce | D103: 18 kg | E103: 70 | F103: 45 | G103: 70 | H103: 58.75 | I103: 60
A104: 61 | B104: 2024 | C104: Berinjela comum | D104: 10 kg | E104: 60 | F104: 30 | G104: 60 | H104: 48 | I104: 50
A105: 61 | B105: 2024 | C105: Berinjela japonesa | D105: 10 kg | E105: - | F105: 45 | G105: 65 | H105: 55 | I105: 55
A106: 61 | B106: 2024 | C106: Beterraba | D106: 20 kg | E106: 70 | F106: 60 | G106: 90 | H106: 74 | I106: 70
A107: 61 | B107: 2024 | C107: Cenoura | D107: 18 kg | E107: 60 | F107: 40 | G107: 65 | H107: 55 | I107: 60
A108: 61 | B108: 2024 | C108: Chuchu | D108: 18 kg | E108: 60 | F108: 30 | G108: 60 | H108: 47.5 | I108: 47.5
A109: 61 | B109: 2024 | C109: Jiló | D109: 17 kg | E109: 100 | F109: 80 | G109: 100 | H109: 95 | I109: 100
A110: 61 | B110: 2024 | C110: Mandioca | D110: 18 kg | E110: - | F110: 65 | G110: 65 | H110: 65 | I110: 65
A111: 61 | B111: 2024 | C111: Pepino comum | D111: 17 kg | E111: 50 | F111: 50 | G111: 70 | H111: 57.5 | I111: 55
A112: 61 | B112: 2024 | C112: Pepino japonês | D112: 17 kg | E112: 80 | F112: 70 | G112: 95 | H112: 81.25 | I112: 80
...

Sheet Planilha12
A1: blt_numero | B1: blt_ano | C1: blt_data_lev | D1: grp_nome | E1: Produto | F1: Unidade de medida | G1: Valor mínimo | H1: Valor máximo | I1: Valor médio | J1: Valor comum | K1: Valor mediana
A2: 1 | B2: 2022 | C2: 44644 | D2: Geral | E2: Abobrinha italiana | F2: cx 17 kg | G2: 80 | H2: 120 | I2: 94.29 | J2: 90 | K2: 90
A3: 1 | B3: 2022 | C3: 44644 | D3: Geral | E3: Acelga | F3: cx 12 unid | G3: 35 | H3: 60 | I3: 42.5 | J3: 35 | K3: 50
A4: 1 | B4: 2022 | C4: 44644 | D4: Geral | E4: Agrião | F4: cx 12 unid | G4: 60 | H4: 60 | I4: 60 | J4: 60 | K4: 60
A5: 1 | B5: 2022 | C5: 44644 | D5: Geral | E5: Alface americana | F5: cx 12 unid | G5: 36 | H5: 42 | I5: 39 | J5: 36 | K5: 39
A6: 1 | B6: 2022 | C6: 44644 | D6: Geral | E6: Alface crespa | F6: cx 12 unid | G6: 20 | H6: 30 | I6: 25 | J6: 20 | K6: 25
A7: 1 | B7: 2022 | C7: 44644 | D7: Geral | E7: Alface lisa | F7: cx 12 unid | G7: 30 | H7: 30 | I7: 30 | J7: 30 | K7: 30
A8: 1 | B8: 2022 | C8: 44644 | D8: Geral | E8: Almeirão | F8: cx 12 unid | G8: 36 | H8: 48 | I8: 42 | J8: 36 | K8: 42
A9: 1 | B9: 2022 | C9: 44644 | D9: Geral | E9: Batata-doce | F9: cx 18 kg | G9: 45 | H9: 55 | I9: 51.67 | J9: 55 | K9: 55
A10: 1 | B10: 2022 | C10: 44644 | D10: Geral | E10: Berinjela comum | F10: cx 10 kg | G10: 30 | H10: 50 | I10: 43.29 | J10: 40 | K10: 45
A11: 1 | B11: 2022 | C11: 44644 | D11: Geral | E11: Berinjela japonesa | F11: cx 10 kg | G11: 70 | H11: 80 | I11: 75 | J11: 70 | K11: 75
A12: 1 | B12: 2022 | C12: 44644 | D12: Geral | E12: Beterraba | F12: cx 20 kg | G12: 70 | H12: 85 | I12: 79.17 | J12: 80 | K12: 82.5
A13: 1 | B13: 2022 | C13: 44644 | D13: Geral | E13: Brócolos (ninja ou japonês) | F13: cx 12 unid | G13: 60 | H13: 84 | I13: 72 | J13: 60 | K13: 72
... A40: 2 | B40: 2022 | C40: 44651 | D40: Geral | E40: Abobrinha italiana | F40: cx 17 kg | G40: 60 | H40: 100 | I40: 72.78 | J40: 70 | K40: 70
A41: 2 | B41: 2022 | C41: 44651 | D41: Geral | E41: Acelga | F41: cx 12 unid | G41: 35 | H41: 60 | I41: 47.25 | J41: - | K41: 47
A42: 2 | B42: 2022 | C42: 44651 | D42: Geral | E42: Agrião | F42: cx 12 unid | G42: 50 | H42: 60 | I42: 56.67 | J42: 60 | K42: 60
A43: 2 | B43: 2022 | C43: 44651 | D43: Geral | E43: Alface americana | F43: cx 12 unid | G43: 40 | H43: 42 | I43: 41.33 | J43: 42 | K43: 42
A44: 2 | B44: 2022 | C44: 44651 | D44: Geral | E44: Alface crespa | F44: cx 12 unid | G44: 25 | H44: 30 | I44: 28.33 | J44: 30 | K44: 30
A45: 2 | B45: 2022 | C45: 44651 | D45: Geral | E45: Alface lisa | F45: cx 12 unid | G45: 25 | H45: 30 | I45: 28.33 | J45: 30 | K45: 30
A46: 2 | B46: 2022 | C46: 44651 | D46: Geral | E46: Almeirão | F46: cx 12 unid | G46: 48 | H46: 48 | I46: 48 | J46: 48 | K46: 48
A47: 2 | B47: 2022 | C47: 44651 | D47: Geral | E47: Batata-doce | F47: cx 18 kg | G47: 25 | H47: 70 | I47: 48.75 | J47: 60 | K47: 50
A48: 2 | B48: 2022 | C48: 44651 | D48: Geral | E48: Berinjela comum | F48: cx 10 kg | G48: 25 | H48: 50 | I48: 40.56 | J48: 50 | K48: 40
A49: 2 | B49: 2022 | C49: 44651 | D49: Geral | E49: Berinjela japonesa | F49: cx 10 kg | G49: 75 | H49: 80 | I49: 77.5 | J49: - | K49: 77.5
A50: 2 | B50: 2022 | C50: 44651 | D50: Geral | E50: Beterraba | F50: cx 20 kg | G50: 60 | H50: 85 | I50: 74.29 | J50: 80 | K50: 80
A51: 2 | B51: 2022 | C51: 44651 | D51: Geral | E51: Brócolos (ninja ou japonês) | F51: cx 12 unid | G51: 60 | H51: 90 | I51: 78 | J51: - | K51: 84
A52: 2 | B52: 2022 | C52: 44651 | D52: Geral | E52: Brócolos ramoso | F52: cx 12 unid | G52: 50 | H52: 72 | I52: 60.67 | J52: 60 | K52: 60
A53: 2 | B53: 2022 | C53: 44651 | D53: Geral | E53: Caqui Fuyu | F53: cx 17 kg | G53: 35 | H53: 35 | I53: 35 | J53: 35 | K53: 35
A54: 2 | B54: 2022 | C54: 44651 | D54: Geral | E54: Caqui Guimbo | F54: cx 17 kg | G54: 35 | H54: 35 | I54: 35 | J54: 35 | K54: 35
A55: 2 | B55: 2022 | C55: 44651 | D55: Geral | E55: Caqui Rama Forte | F55: cx 17 kg | G55: 35 | H55: 35 | I55: 35 | J55: - | K55: 35
A56: 2 | B56: 2022 | C56: 44651 | D56: Geral | E56: Cebolinha | F56: maço 1/2 kg | G56: 3.5 | H56: 4 | I56: 3.83 | J56: 4 | K56: 4
A57: 2 | B57: 2022 | C57: 44651 | D57: Geral | E57: Cenoura | F57: cx 18 kg | G57: 85 | H57: 160 | I57: 126.67 | J57: 160 | K57: 132.5
A58: 2 | B58: 2022 | C58: 44651 | D58: Geral | E58: Chuchu | F58: cx 17 kg | G58: 35 | H58: 55 | I58: 44.3 | J58: 50 | K58: 42.5
A59: 2 | B59: 2022 | C59: 44651 | D59: Geral | E59: Coentro | F59: maço 2 kg | G59: 30 | H59: 35 | I59: 31.67 | J59: 30 | K59: 30
A60: 2 | B60: 2022 | C60: 44651 | D60: Geral | E60: Couve manteiga | F60: cx 12 unid | G60: 24 | H60: 24 | I60: 24 | J60: 24 | K60: 24
A61: 2 | B61: 2022 | C61: 44651 | D61: Geral | E61: Couve-flor | F61: cx 12 unid | G61: 70 | H61: 84 | I61: 75.25 | J61: 73.5 | K61: 73.5
A62: 2 | B62: 2022 | C62: 44651 | D62: Geral | E62: Escarola | F62: cx 12 unid | G62: 25 | H62: 30 | I62: 28.33 | J62: 30 | K62: 30
A63: 2 | B63: 2022 | C63: 44651 | D63: Geral | E63: Espinafre | F63: cx 12 unid | G63: 60 | H63: 60 | I63: 60 | J63: 60 | K63: 60
A64: 2 | B64: 2022 | C64: 44651 | D64: Geral | E64: Goiaba | F64: cx 10 kg | G64: 28 | H64: 50 | I64: 39 | J64: - | K64: 39
A65: 2 | B65: 2022 | C65: 44651 | D65: Geral | E65: Jiló | F65: cx 17 kg | G65: 50 | H65: 80 | I65: 66.36 | J65: 70 | K65: 70
A66: 2 | B66: 2022 | C66: 44651 | D66: Geral | E66: Mexerica Polkan | F66: cx 22 kg | G66: 70 | H66: 70 | I66: 70 | J66: - | K66: 70
A67: 2 | B67: 2022 | C67: 44651 | D67: Geral | E67: Pepino comum | F67: cx 17 kg | G67: 70 | H67: 70 | I67: 70 | J67: 70 | K67: 70
A68: 2 | B68: 2022 | C68: 44651 | D68: Geral | E68: Pepino japonês | F68: cx 17 kg | G68: 70 | H68: 110 | I68: 92 | J68: 100 | K68: 95
A69: 2 | B69: 2022 | C69: 44651 | D69: Geral | E69: Pimentão verde | F69: cx 10 kg | G69: 30 | H69: 60 | I69: 44.17 | J69: 45 | K69: 45
A70: 2 | B70: 2022 | C70: 44651 | D70: Geral | E70: Quiabo | F70: cx 10 kg | G70: 90 | H70: 130 | I70: 103.75 | J70: 100 | K70: 100
A71: 2 | B71: 2022 | C71: 44651 | D71: Geral | E71: Rabanete | F71: cx 12 unid | G71: 48 | H71: 48 | I71: 48 | J71: 48 | K71: 48
A72: 2 | B72: 2022 | C72: 44651 | D72: Geral | E72: Repolho roxo | F72: cx 12 unid | G72: 80 | H72: 85 | I72: 83 | J72: - | K72: 84
A73: 2 | B73: 2022 | C73: 44651 | D73: Geral | E73: Repolho verde | F73: cx 12 unid | G73: 60 | H73: 84 | I73: 73 | J73: 74 | K73: 74
A74: 2 | B74: 2022 | C74: 44651 | D74: Geral | E74: Rúcula | F74: cx 12 unid | G74: 42 | H74: 42 | I74: 42 | J74: 42 | K74: 42
A75: 2 | B75: 2022 | C75: 44651 | D75: Geral | E75: Salsa | F75: maço 2 kg | G75: 30 | H75: 40 | I75: 33.33 | J75: 30 | K75: 30
A76: 2 | B76: 2022 | C76: 44651 | D76: Geral | E76: Tomate Débora | F76: cx 20 kg | G76: 100 | H76: 160 | I76: 138.89 | J76: 150 | K76: 150
A77: 2 | B77: 2022 | C77: 44651 | D77: Geral | E77: Vagem macarrão | F77: cx 17 kg | G77: 130 | H77: 170 | I77: 145.71 | J77: 150 | K77: 150
A78: 3 | B78: 2022 | C78: 44658 | D78: Geral | E78: Abobrinha italiana | F78: cx 17 kg | G78: 70 | H78: 100 | I78: 77.5 | J78: 70 | K78: 75
A79: 3 | B79: 2022 | C79: 44658 | D79: Geral | E79: Acelga | F79: cx 12 unid | G79: 48 | H79: 60 | I79: 54 | J79: - | K79: 54
A80: 3 | B80: 2022 | C80: 44658 | D80: Geral | E80: Agrião | F80: cx 12 unid | G80: 60 | H80: 60 | I80: 60 | J80: 60 | K80: 60
A81: 3 | B81: 2022 | C81: 44658 | D81: Geral | E81: Alface americana | F81: cx 12 unid | G81: 40 | H81: 42 | I81: 41 | J81: - | K81: 41
A82: 3 | B82: 2022 | C82: 44658 | D82: Geral | E82: Alface crespa | F82: cx 12 unid | G82: 30 | H82: 30 | I82: 30 | J82: 30 | K82: 30
A83: 3 | B83: 2022 | C83: 44658 | D83: Geral | E83: Alface lisa | F83: cx 12 unid | G83: 30 | H83: 30 | I83: 30 | J83: 30 | K83: 30
A84: 3 | B84: 2022 | C84: 44658 | D84: Geral | E84: Almeirão | F84: cx 12 unid | G84: 48 | H84: 48 | I84: 48 | J84: 48 | K84: 48
A85: 3 | B85: 2022 | C85: 44658 | D85: Geral | E85: Batata-doce | F85: cx 18 kg | G85: 25 | H85: 70 | I85: 46.5 | J85: 40 | K85: 42.5
A86: 3 | B86: 2022 | C86: 44658 | D86: Geral | E86: Berinjela comum | F86: cx 10 kg | G86: 35 | H86: 50 | I86: 44.5 | J86: 45 | K86: 45
A87: 3 | B87: 2022 | C87: 44658 | D87: Geral | E87: Berinjela japonesa | F87: cx 10 kg | G87: 80 | H87: 85 | I87: 81.67 | J87: 80 | K87: 80
A88: 3 | B88: 2022 | C88: 44658 | D88: Geral | E88: Beterraba | F88: cx 20 kg | G88: 60 | H88: 80 | I88: 73.89 | J88: 80 | K88: 80
A89: 3 | B89: 2022 | C89: 44658 | D89: Geral | E89: Brócolos (ninja ou japonês) | F89: cx 12 unid | G89: 84 | H89: 90 | I89: 86 | J89: 84 | K89: 84
A90: 3 | B90: 2022 | C90: 44658 | D90: Geral | E90: Brócolos ramoso | F90: cx 12 unid | G90: 72 | H90: 84 | I90: 78 | J90: - | K90: 78
A91: 3 | B91: 2022 | C91: 44658 | D91: Geral | E91: Caqui Fuyu | F91: cx 17 kg | G91: 50 | H91: 60 | I91: 55 | J91: - | K91: 55
A92: 3 | B92: 2022 | C92: 44658 | D92: Geral | E92: Caqui Guimbo | F92: cx 17 kg | G92: 50 | H92: 50 | I92: 50 | J92: 50 | K92: 50
A93: 3 | B93: 2022 | C93: 44658 | D93: Geral | E93: Caqui Rama Forte | F93: cx 17 kg | G93: 30 | H93: 35 | I93: 32.5 | J93: - | K93: 32.5
A94: 3 | B94: 2022 | C94: 44658 | D94: Geral | E94: Cebolinha | F94: maço 1/2 kg | G94: 4 | H94: 4 | I94: 4 | J94: 4 | K94: 4
A95: 3 | B95: 2022 | C95: 44658 | D95: Geral | E95: Cenoura | F95: cx 18 kg | G95: 90 | H95: 140 | I95: 125.89 | J95: 140 | K95: 130
A96: 3 | B96: 2022 | C96: 44658 | D96: Geral | E96: Chuchu | F96: cx 17 kg | G96: 45 | H96: 60 | I96: 53.33 | J96: 50 | K96: 50
A97: 3 | B97: 2022 | C97: 44658 | D97: Geral | E97: Coentro | F97: maço 2 kg | G97: 30 | H97: 30 | I97: 30 | J97: 30 | K97: 30
A98: 3 | B98: 2022 | C98: 44658 | D98: Geral | E98: Couve manteiga | F98: cx 12 unid | G98: 24 | H98: 30 | I98: 27 | J98: - | K98: 27
A99: 3 | B99: 2022 | C99: 44658 | D99: Geral | E99: Couve-flor | F99: cx 12 unid | G99: 80 | H99: 84 | I99: 82 | J99: 80 | K99: 82
A100: 3 | B100: 2022 | C100: 44658 | D100: Geral | E100: Escarola | F100: cx 12 unid | G100: 30 | H100: 30 | I100: 30 | J100: 30 | K100: 30
A101: 3 | B101: 2022 | C101: 44658 | D101: Geral | E101: Espinafre | F101: cx 12 unid | G101: 60 | H101: 60 | I101: 60 | J101: 60 | K101: 60
A102: 3 | B102: 2022 | C102: 44658 | D102: Geral | E102: Goiaba | F102: cx 10 kg | G102: 38 | H102: 38 | I102: 38 | J102: - | K102: 38
A103: 3 | B103: 2022 | C103: 44658 | D103: Geral | E103: Jiló | F103: cx 17 kg | G103: 60 | H103: 80 | I103: 71.67 | J103: 70 | K103: 70
A104: 3 | B104: 2022 | C104: 44658 | D104: Geral | E104: Mandioca | F104: Cx 35 kg | G104: 90 | H104: 90 | I104: 90 | J104: 90 | K104: 90
A105: 3 | B105: 2022 | C105: 44658 | D105: Geral | E105: Mexerica Polkan | F105: cx 22 kg | G105: 60 | H105: 60 | I105: 60 | J105: - | K105: 60
A106: 3 | B106: 2022 | C106: 44658 | D106: Geral | E106: Pepino comum | F106: cx 17 kg | G106: 45 | H106: 70 | I106: 62.22 | J106: 65 | K106: 65
A107: 3 | B107: 2022 | C107: 44658 | D107: Geral | E107: Pepino japonês | F107: cx 17 kg | G107: 120 | H107: 140 | I107: 124.44 | J107: 120 | K107: 120
A108: 3 | B108: 2022 | C108: 44658 | D108: Geral | E108: Pimentão verde | F108: cx 10 kg | G108: 40 | H108: 65 | I108: 45.56 | J108: 40 | K108: 40
A109: 3 | B109: 2022 | C109: 44658 | D109: Geral | E109: Quiabo | F109: cx 10 kg | G109: 100 | H109: 130 | I109: 118.89 | J109: 120 | K109: 120
A110: 3 | B110: 2022 | C110: 44658 | D110: Geral | E110: Rabanete | F110: cx 12 unid | G110: 54 | H110: 54 | I110: 54 | J110: 54 | K110: 54
A111: 3 | B111: 2022 | C111: 44658 | D111: Geral | E111: Repolho roxo | F111: cx 12 unid | G111: 60 | H111: 90 | I111: 77 | J111: 90 | K111: 80
A112: 3 | B112: 2022 | C112: 44658 | D112: Geral | E112: Repolho verde | F112: cx 12 unid | G112: 60 | H112: 84 | I112: 67.8 | J112: 60 | K112: 65
A113: 3 | B113: 2022 | C113: 44658 | D113: Geral | E113: Rúcula | F113: cx 12 unid | G113: 42 | H113: 42 | I113: 42 | J113: 42 | K113: 42
A114: 3 | B114: 2022 | C114: 44658 | D114: Geral | E114: Salsa | F114: maço 2 kg | G114: 38 | H114: 40 | I114: 39 | J114: - | K114: 39
A115: 3 | B115: 2022 | C115: 44658 | D115: Geral | E115: Tomate Débora | F115: cx 20 kg | G115: 140 | H115: 180 | I115: 163.33 | J115: 170 | K115: 170
A116: 3 | B116: 2022 | C116: 44658 | D116: Geral | E116: Vagem Macarrão | F116: cx 17 kg | G116: 140 | H116: 200 | I116: 158.89 | J116: 140 | K116: 150
A117: 4 | B117: 2022 | C117: 44665 | D117: Geral | E117: Abobrinha italiana | F117: cx 17 kg | G117: 50 | H117: 80 | I117: 68.13 | J117: 70 | K117: 70
A118: 4 | B118: 2022 | C118: 44665 | D118: Geral | E118: Acelga | F118: cx 12 unid | G118: 40 | H118: 72 | I118: 58 | J118: 60 | K118: 60
A119: 4 | B119: 2022 | C119: 44665 | D119: Geral | E119: Agrião | F119: cx 12 unid | G119: 60 | H119: 60 | I119: 60 | J119: 60 | K119: 60
A120: 4 | B120: 2022 | C120: 44665 | D120: Geral | E120: Alface americana | F120: cx 12 unid | G120: 36 | H120: 54 | I120: 44 | J120: - | K120: 42
A121: 4 | B121: 2022 | C121: 44665 | D121: Geral | E121: Alface crespa | F121: cx 12 unid | G121: 24 | H121: 30 | I121: 28 | J121: 30 | K121: 30
A122: 4 | B122: 2022 | C122: 44665 | D122: Geral | E122: Alface lisa | F122: cx 12 unid | G122: 24 | H122: 30 | I122: 28 | J122: 30 | K122: 30
A123: 4 | B123: 2022 | C123: 44665 | D123: Geral | E123: Almeirão | F123: cx 12 unid | G123: 48 | H123: 48 | I123: 48 | J123: 48 | K123: 48
A124: 4 | B124: 2022 | C124: 44665 | D124: Geral | E124: Batata-doce | F124: cx 18 kg | G124: 45 | H124: 55 | I124: 51.25 | J124: 55 | K124: 52.5
A125: 4 | B125: 2022 | C125: 44665 | D125: Geral | E125: Berinjela comum | F125: cx 10 kg | G125: 40 | H125: 55 | I125: 47.5 | J125: 50 | K125: 47.5
A126: 4 | B126: 2022 | C126: 44665 | D126: Geral | E126: Berinjela japonesa | F126: cx 10 kg | G126: 80 | H126: 80 | I126: 80 | J126: - | K126: 80
...

Sheet GRUPO_ALIMENTAR
A1: grp_id | B1: grp_nome | C1: grp_desc
A2: 1 | B2: A | C2: Verduras (folhosas, flores e hastes) | D2: ="INSERT INTO GRUPO_ALIMENTAR (grp_id, grp_nome, grp_desc) VALUES ("&A2&", '"&B2&"', '"&C2&"');" -> INSERT INTO GRUPO_ALIMENTAR (grp_id, grp_nome, grp_desc) VALUES (1, 'A', 'Verduras (folhosas, flores e hastes)');
A3: 2 | B3: B | C3: Hortaliças condimentares (temperos) | D3: ="INSERT INTO GRUPO_ALIMENTAR (grp_id, grp_nome, grp_desc) VALUES ("&A3&", '"&B3&"', '"&C3&"');" -> INSERT INTO GRUPO_ALIMENTAR (grp_id, grp_nome, grp_desc) VALUES (2, 'B', 'Hortaliças condimentares (temperos)');
A4: 3 | B4: C | C4: Hortaliças legumes (leguminosas (vagens), frutos, raízes tuberosas, tuberculos, bulbos) | D4: ="INSERT INTO GRUPO_ALIMENTAR (grp_id, grp_nome, grp_desc) VALUES ("&A4&", '"&B4&"', '"&C4&"');" -> INSERT INTO GRUPO_ALIMENTAR (grp_id, grp_nome, grp_desc) VALUES (3, 'C', 'Hortaliças legumes (leguminosas (vagens), frutos, raízes tuberosas, tuberculos, bulbos)');
A5: 4 | B5: D | C5: Frutas | D5: ="INSERT INTO GRUPO_ALIMENTAR (grp_id, grp_nome, grp_desc) VALUES ("&A5&", '"&B5&"', '"&C5&"');" -> INSERT INTO GRUPO_ALIMENTAR (grp_id, grp_nome, grp_desc) VALUES (4, 'D', 'Frutas');

Sheet UNIDADE_MEDIDA
A1: umd_id | B1: umd_nome | C1: umd_sigla
A2: 1 | B2: Quilograma | C2: kg | E2: ="INSERT INTO UNIDADE_MEDIDA (umd_id, umd_nome, umd_sigla) VALUES ("&A2&", '"&B2&"', '"&C2&"');" -> INSERT INTO UNIDADE_MEDIDA (umd_id, umd_nome, umd_sigla) VALUES (1, 'Quilograma', 'kg');
A3: 1 | B3: Grama | C3: g | E3: ="INSERT INTO UNIDADE_MEDIDA (umd_id, umd_nome, umd_sigla) VALUES ("&A3&", '"&B3&"', '"&C3&"');" -> INSERT INTO UNIDADE_MEDIDA (umd_id, umd_nome, umd_sigla) VALUES (1, 'Grama', 'g');
A4: 1 | B4: Unidade | C4: un | E4: ="INSERT INTO UNIDADE_MEDIDA (umd_id, umd_nome, umd_sigla) VALUES ("&A4&", '"&B4&"', '"&C4&"');" -> INSERT INTO UNIDADE_MEDIDA (umd_id, umd_nome, umd_sigla) VALUES (1, 'Unidade', 'un');
A5: 1 | B5: Mililitro | C5: ml | E5: ="INSERT INTO UNIDADE_MEDIDA (umd_id, umd_nome, umd_sigla) VALUES ("&A5&", '"&B5&"', '"&C5&"');" -> INSERT INTO UNIDADE_MEDIDA (umd_id, umd_nome, umd_sigla) VALUES (1, 'Mililitro', 'ml');
A6: 1 | B6: Litro | C6: L | E6: ="INSERT INTO UNIDADE_MEDIDA (umd_id, umd_nome, umd_sigla) VALUES ("&A6&", '"&B6&"', '"&C6&"');" -> INSERT INTO UNIDADE_MEDIDA (umd_id, umd_nome, umd_sigla) VALUES (1, 'Litro', 'L');

Sheet BOLETIM
A1: blt_id | B1: blt_numero | C1: blt_ano | D1: blt_data_lev | E1: blt_data_cad
A2: 1 | B2: 1 | C2: 2022 | D2: 44643 | E2: =TODAY() -> 46297 | F2: ="INSERT INTO BOLETIM (blt_id, blt_numero, blt_ano, blt_data_lev, blt_data_cad) VALUES ("&A2&", "&B2&", "&C2&", TO_DATE('"&TEXT(D2,"DD/MM/AAAA")&"', 'DD/MM/YYYY'), SYSDATE);" -> INSERT INTO BOLETIM (blt_id, blt_numero, blt_ano, blt_data_lev, blt_data_cad) VALUES (1, 1, 2022, TO_DATE('23/03/2022', 'DD/MM/YYYY'), SYSDATE);
A3: 2 | B3: 2 | C3: 2022 | D3: 44651 | E3: =TODAY() -> 46297 | F3: ="INSERT INTO BOLETIM (blt_id, blt_numero, blt_ano, blt_data_lev, blt_data_cad) VALUES ("&A3&", "&B3&", "&C3&", TO_DATE('"&TEXT(D3,"DD/MM/AAAA")&"', 'DD/MM/YYYY'), SYSDATE);" -> INSERT INTO BOLETIM (blt_id, blt_numero, blt_ano, blt_data_lev, blt_data_cad) VALUES (2, 2, 2022, TO_DATE('31/03/2022', 'DD/MM/YYYY'), SYSDATE);
A4: 3 | B4: 3 | C4: 2022 | D4: 44658 | E4: =TODAY() -> 46297 | F4: ="INSERT INTO BOLETIM (blt_id, blt_numero, blt_ano, blt_data_lev, blt_data_cad) VALUES ("&A4&", "&B4&", "&C4&", TO_DATE('"&TEXT(D4,"DD/MM/AAAA")&"', 'DD/MM/YYYY'), SYSDATE);" -> INSERT INTO BOLETIM (blt_id, blt_numero, blt_ano, blt_data_lev, blt_data_cad) VALUES (3, 3, 2022, TO_DATE('07/04/2022', 'DD/MM/YYYY'), SYSDATE);
A5: 4 | B5: 4 | C5: 2022 | D5: 44679 | E5: =TODAY() -> 46297 | F5: ="INSERT INTO BOLETIM (blt_id, blt_numero, blt_ano, blt_data_lev, blt_data_cad) VALUES ("&A5&", "&B5&", "&C5&", TO_DATE('"&TEXT(D5,"DD/MM/AAAA")&"', 'DD/MM/YYYY'), SYSDATE);" -> INSERT INTO BOLETIM (blt_id, blt_numero, blt_ano, blt_data_lev, blt_data_cad) VALUES (4, 4, 2022, TO_DATE('28/04/2022', 'DD/MM/YYYY'), SYSDATE);
A6: 5 | B6: 5 | C6: 2022 | D6: 44686 | E6: =TODAY() -> 46297 | F6: ="INSERT INTO BOLETIM (blt_id, blt_numero, blt_ano, blt_data_lev, blt_data_cad) VALUES ("&A6&", "&B6&", "&C6&", TO_DATE('"&TEXT(D6,"DD/MM/AAAA")&"', 'DD/MM/YYYY'), SYSDATE);" -> INSERT INTO BOLETIM (blt_id, blt_numero, blt_ano, blt_data_lev, blt_data_cad) VALUES (5, 5, 2022, TO_DATE('05/05/2022', 'DD/MM/YYYY'), SYSDATE);
A7: 6 | B7: 6 | C7: 2022 | D7: 44693 | E7: =TODAY() -> 46297 | F7: ="INSERT INTO BOLETIM (blt_id, blt_numero, blt_ano, blt_data_lev, blt_data_cad) VALUES ("&A7&", "&B7&", "&C7&", TO_DATE('"&TEXT(D7,"DD/MM/AAAA")&"', 'DD/MM/YYYY'), SYSDATE);" -> INSERT INTO BOLETIM (blt_id, blt_numero, blt_ano, blt_data_lev, blt_data_cad) VALUES (6, 6, 2022, TO_DATE('12/05/2022', 'DD/MM/YYYY'), SYSDATE);
A8: 7 | B8: 7 | C8: 2022 | D8: 44700 | E8: =TODAY() -> 46297 | F8: ="INSERT INTO BOLETIM (blt_id, blt_numero, blt_ano, blt_data_lev, blt_data_cad) VALUES ("&A8&", "&B8&", "&C8&", TO_DATE('"&TEXT(D8,"DD/MM/AAAA")&"', 'DD/MM/YYYY'), SYSDATE);" -> INSERT INTO BOLETIM (blt_id, blt_numero, blt_ano, blt_data_lev, blt_data_cad) VALUES (7, 7, 2022, TO_DATE('19/05/2022', 'DD/MM/YYYY'), SYSDATE);
A9: 8 | B9: 8 | C9: 2022 | D9: 44707 | E9: =TODAY() -> 46297 | F9: ="INSERT INTO BOLETIM (blt_id, blt_numero, blt_ano, blt_data_lev, blt_data_cad) VALUES ("&A9&", "&B9&", "&C9&", TO_DATE('"&TEXT(D9,"DD/MM/AAAA")&"', 'DD/MM/YYYY'), SYSDATE);" -> INSERT INTO BOLETIM (blt_id, blt_numero, blt_ano, blt_data_lev, blt_data_cad) VALUES (8, 8, 2022, TO_DATE('26/05/2022', 'DD/MM/YYYY'), SYSDATE);
A10: 9 | B10: 9 | C10: 2022 | D10: 44714 | E10: =TODAY() -> 46297 | F10: ="INSERT INTO BOLETIM (blt_id, blt_numero, blt_ano, blt_data_lev, blt_data_cad) VALUES ("&A10&", "&B10&", "&C10&", TO_DATE('"&TEXT(D10,"DD/MM/AAAA")&"', 'DD/MM/YYYY'), SYSDATE);" -> INSERT INTO BOLETIM (blt_id, blt_numero, blt_ano, blt_data_lev, blt_data_cad) VALUES (9, 9, 2022, TO_DATE('02/06/2022', 'DD/MM/YYYY'), SYSDATE);
A11: 10 | B11: 10 | C11: 2022 | D11: 44721 | E11: =TODAY() -> 46297 | F11: ="INSERT INTO BOLETIM (blt_id, blt_numero, blt_ano, blt_data_lev, blt_data_cad) VALUES ("&A11&", "&B11&", "&C11&", TO_DATE('"&TEXT(D11,"DD/MM/AAAA")&"', 'DD/MM/YYYY'), SYSDATE);" -> INSERT INTO BOLETIM (blt_id, blt_numero, blt_ano, blt_data_lev, blt_data_cad) VALUES (10, 10, 2022, TO_DATE('09/06/2022', 'DD/MM/YYYY'), SYSDATE);
A12: 11 | B12: 11 | C12: 2022 | D12: 44728 | E12: =TODAY() -> 46297 | F12: ="INSERT INTO BOLETIM (blt_id, blt_numero, blt_ano, blt_data_lev, blt_data_cad) VALUES ("&A12&", "&B12&", "&C12&", TO_DATE('"&TEXT(D12,"DD/MM/AAAA")&"', 'DD/MM/YYYY'), SYSDATE);" -> INSERT INTO BOLETIM (blt_id, blt_numero, blt_ano, blt_data_lev, blt_data_cad) VALUES (11, 11, 2022, TO_DATE('16/06/2022', 'DD/MM/YYYY'), SYSDATE);
A13: 12 | B13: 12 | C13: 2022 | D13: 44735 | E13: =TODAY() -> 46297 | F13: ="INSERT INTO BOLETIM (blt_id, blt_numero, blt_ano, blt_data_lev, blt_data_cad) VALUES ("&A13&", "&B13&", "&C13&", TO_DATE('"&TEXT(D13,"DD/MM/AAAA")&"', 'DD/MM/YYYY'), SYSDATE);" -> INSERT INTO BOLETIM (blt_id, blt_numero, blt_ano, blt_data_lev, blt_data_cad) VALUES (12, 12, 2022, TO_DATE('23/06/2022', 'DD/MM/YYYY'), SYSDATE);
... A129: 128 | B129: 128 | C129: 2025 | D129: 45961 | E129: =TODAY() -> 46297 | F129: ="INSERT INTO BOLETIM (blt_id, blt_numero, blt_ano, blt_data_lev, blt_data_cad) VALUES ("&A129&", "&B129&", "&C129&", TO_DATE('"&TEXT(D129,"DD/MM/AAAA")&"', 'DD/MM/YYYY'), SYSDATE);" -> INSERT INTO BOLETIM (blt_id, blt_numero, blt_ano, blt_data_lev, blt_data_cad) VALUES (128, 128, 2025, TO_DATE('31/10/2025', 'DD/MM/YYYY'), SYSDATE);

Sheet TIPO_APRESENTACAO
A1: tap_id | B1: tap_nome
A2: 1 | B2: caixa | E2: ="INSERT INTO TIPO_APRESENTACAO (tap_id, tap_nome) VALUES ("&A2&", '"&B2&"');" -> INSERT INTO TIPO_APRESENTACAO (tap_id, tap_nome) VALUES (1, 'caixa');
A3: 2 | B3: maço | E3: ="INSERT INTO TIPO_APRESENTACAO (tap_id, tap_nome) VALUES ("&A3&", '"&B3&"');" -> INSERT INTO TIPO_APRESENTACAO (tap_id, tap_nome) VALUES (2, 'maço');
A4: 3 | B4: dúzia | E4: ="INSERT INTO TIPO_APRESENTACAO (tap_id, tap_nome) VALUES ("&A4&", '"&B4&"');" -> INSERT INTO TIPO_APRESENTACAO (tap_id, tap_nome) VALUES (3, 'dúzia');
A5: 4 | B5: saco | E5: ="INSERT INTO TIPO_APRESENTACAO (tap_id, tap_nome) VALUES ("&A5&", '"&B5&"');" -> INSERT INTO TIPO_APRESENTACAO (tap_id, tap_nome) VALUES (4, 'saco');

Sheet CATEGORIA
A1: cat_id | B1: cat_grp_id | C1: cat_nome
A2: 1 | B2: 1 | C2: Folhosas | E2: ="INSERT INTO CATEGORIA (cat_id, cat_grp_id, cat_nome) VALUES ("&A2&", "&B2&", '"&C2&"');" -> INSERT INTO CATEGORIA (cat_id, cat_grp_id, cat_nome) VALUES (1, 1, 'Folhosas');
A3: 2 | B3: 1 | C3: Flores | E3: ="INSERT INTO CATEGORIA (cat_id, cat_grp_id, cat_nome) VALUES ("&A3&", "&B3&", '"&C3&"');" -> INSERT INTO CATEGORIA (cat_id, cat_grp_id, cat_nome) VALUES (2, 1, 'Flores');
A4: 3 | B4: 1 | C4: Hastes | E4: ="INSERT INTO CATEGORIA (cat_id, cat_grp_id, cat_nome) VALUES ("&A4&", "&B4&", '"&C4&"');" -> INSERT INTO CATEGORIA (cat_id, cat_grp_id, cat_nome) VALUES (3, 1, 'Hastes');
A5: 4 | B5: 2 | C5: Temperos | E5: ="INSERT INTO CATEGORIA (cat_id, cat_grp_id, cat_nome) VALUES ("&A5&", "&B5&", '"&C5&"');" -> INSERT INTO CATEGORIA (cat_id, cat_grp_id, cat_nome) VALUES (4, 2, 'Temperos');
A6: 5 | B6: 3 | C6: Leguminosas (vagens) | E6: ="INSERT INTO CATEGORIA (cat_id, cat_grp_id, cat_nome) VALUES ("&A6&", "&B6&", '"&C6&"');" -> INSERT INTO CATEGORIA (cat_id, cat_grp_id, cat_nome) VALUES (5, 3, 'Leguminosas (vagens)');
A7: 6 | B7: 3 | C7: Frutos | E7: ="INSERT INTO CATEGORIA (cat_id, cat_grp_id, cat_nome) VALUES ("&A7&", "&B7&", '"&C7&"');" -> INSERT INTO CATEGORIA (cat_id, cat_grp_id, cat_nome) VALUES (6, 3, 'Frutos');
A8: 7 | B8: 3 | C8: Raízes Tuberosas | E8: ="INSERT INTO CATEGORIA (cat_id, cat_grp_id, cat_nome) VALUES ("&A8&", "&B8&", '"&C8&"');" -> INSERT INTO CATEGORIA (cat_id, cat_grp_id, cat_nome) VALUES (7, 3, 'Raízes Tuberosas');
A9: 8 | B9: 3 | C9: Tubérculos | E9: ="INSERT INTO CATEGORIA (cat_id, cat_grp_id, cat_nome) VALUES ("&A9&", "&B9&", '"&C9&"');" -> INSERT INTO CATEGORIA (cat_id, cat_grp_id, cat_nome) VALUES (8, 3, 'Tubérculos');
A10: 9 | B10: 3 | C10: Bulbos | E10: ="INSERT INTO CATEGORIA (cat_id, cat_grp_id, cat_nome) VALUES ("&A10&", "&B10&", '"&C10&"');" -> INSERT INTO CATEGORIA (cat_id, cat_grp_id, cat_nome) VALUES (9, 3, 'Bulbos');
A11: 10 | B11: 4 | C11: Frutas | E11: ="INSERT INTO CATEGORIA (cat_id, cat_grp_id, cat_nome) VALUES ("&A11&", "&B11&", '"&C11&"');" -> INSERT INTO CATEGORIA (cat_id, cat_grp_id, cat_nome) VALUES (10, 4, 'Frutas');

Sheet PRODUTO
A1: prd_id | B1: prd_cat_id | C1: prd_nome | D1: prd_var | E1: prd_atv
A2: 1 | B2: 1 | C2: Acelga | E2: 1 | G2: ="INSERT INTO PRODUTO (prd_id, prd_cat_id, prd_nome, prd_var, prd_atv) VALUES ("&A2&", "&B2&", '"&C2&"', '"&D2&"', "&E2&");" -> INSERT INTO PRODUTO (prd_id, prd_cat_id, prd_nome, prd_var, prd_atv) VALUES (1, 1, 'Acelga', '', 1);
A3: 2 | B3: 1 | C3: Agrião | E3: 1 | G3: ="INSERT INTO PRODUTO (prd_id, prd_cat_id, prd_nome, prd_var, prd_atv) VALUES ("&A3&", "&B3&", '"&C3&"', '"&D3&"', "&E3&");" -> INSERT INTO PRODUTO (prd_id, prd_cat_id, prd_nome, prd_var, prd_atv) VALUES (2, 1, 'Agrião', '', 1);
A4: 3 | B4: 1 | C4: Alface | D4: Americana | E4: 1 | G4: ="INSERT INTO PRODUTO (prd_id, prd_cat_id, prd_nome, prd_var, prd_atv) VALUES ("&A4&", "&B4&", '"&C4&"', '"&D4&"', "&E4&");" -> INSERT INTO PRODUTO (prd_id, prd_cat_id, prd_nome, prd_var, prd_atv) VALUES (3, 1, 'Alface', 'Americana', 1);
A5: 4 | B5: 1 | C5: Alface | D5: Crespa | E5: 1 | G5: ="INSERT INTO PRODUTO (prd_id, prd_cat_id, prd_nome, prd_var, prd_atv) VALUES ("&A5&", "&B5&", '"&C5&"', '"&D5&"', "&E5&");" -> INSERT INTO PRODUTO (prd_id, prd_cat_id, prd_nome, prd_var, prd_atv) VALUES (4, 1, 'Alface', 'Crespa', 1);
A6: 5 | B6: 1 | C6: Alface | D6: Lisa | E6: 1 | G6: ="INSERT INTO PRODUTO (prd_id, prd_cat_id, prd_nome, prd_var, prd_atv) VALUES ("&A6&", "&B6&", '"&C6&"', '"&D6&"', "&E6&");" -> INSERT INTO PRODUTO (prd_id, prd_cat_id, prd_nome, prd_var, prd_atv) VALUES (5, 1, 'Alface', 'Lisa', 1);
A7: 6 | B7: 1 | C7: Almeirão | E7: 1 | G7: ="INSERT INTO PRODUTO (prd_id, prd_cat_id, prd_nome, prd_var, prd_atv) VALUES ("&A7&", "&B7&", '"&C7&"', '"&D7&"', "&E7&");" -> INSERT INTO PRODUTO (prd_id, prd_cat_id, prd_nome, prd_var, prd_atv) VALUES (6, 1, 'Almeirão', '', 1);
A8: 7 | B8: 2 | C8: Brócolis | D8: Ninja/Japonês | E8: 1 | G8: ="INSERT INTO PRODUTO (prd_id, prd_cat_id, prd_nome, prd_var, prd_atv) VALUES ("&A8&", "&B8&", '"&C8&"', '"&D8&"', "&E8&");" -> INSERT INTO PRODUTO (prd_id, prd_cat_id, prd_nome, prd_var, prd_atv) VALUES (7, 2, 'Brócolis', 'Ninja/Japonês', 1);
A9: 8 | B9: 2 | C9: Brócolis | D9: Ramoso | E9: 1 | G9: ="INSERT INTO PRODUTO (prd_id, prd_cat_id, prd_nome, prd_var, prd_atv) VALUES ("&A9&", "&B9&", '"&C9&"', '"&D9&"', "&E9&");" -> INSERT INTO PRODUTO (prd_id, prd_cat_id, prd_nome, prd_var, prd_atv) VALUES (8, 2, 'Brócolis', 'Ramoso', 1);
A10: 9 | B10: 1 | C10: Couve | D10: Manteiga | E10: 1 | G10: ="INSERT INTO PRODUTO (prd_id, prd_cat_id, prd_nome, prd_var, prd_atv) VALUES ("&A10&", "&B10&", '"&C10&"', '"&D10&"', "&E10&");" -> INSERT INTO PRODUTO (prd_id, prd_cat_id, prd_nome, prd_var, prd_atv) VALUES (9, 1, 'Couve', 'Manteiga', 1);
A11: 10 | B11: 2 | C11: Couve-Flor | E11: 1 | G11: ="INSERT INTO PRODUTO (prd_id, prd_cat_id, prd_nome, prd_var, prd_atv) VALUES ("&A11&", "&B11&", '"&C11&"', '"&D11&"', "&E11&");" -> INSERT INTO PRODUTO (prd_id, prd_cat_id, prd_nome, prd_var, prd_atv) VALUES (10, 2, 'Couve-Flor', '', 1);
A12: 11 | B12: 1 | C12: Escarola | E12: 1 | G12: ="INSERT INTO PRODUTO (prd_id, prd_cat_id, prd_nome, prd_var, prd_atv) VALUES ("&A12&", "&B12&", '"&C12&"', '"&D12&"', "&E12&");" -> INSERT INTO PRODUTO (prd_id, prd_cat_id, prd_nome, prd_var, prd_atv) VALUES (11, 1, 'Escarola', '', 1);
A13: 12 | B13: 1 | C13: Espinafre | E13: 1 | G13: ="INSERT INTO PRODUTO (prd_id, prd_cat_id, prd_nome, prd_var, prd_atv) VALUES ("&A13&", "&B13&", '"&C13&"', '"&D13&"', "&E13&");" -> INSERT INTO PRODUTO (prd_id, prd_cat_id, prd_nome, prd_var, prd_atv) VALUES (12, 1, 'Espinafre', '', 1);
A14: 13 | B14: 7 | C14: Rabanete | E14: 1 | G14: ="INSERT INTO PRODUTO (prd_id, prd_cat_id, prd_nome, prd_var, prd_atv) VALUES ("&A14&", "&B14&", '"&C14&"', '"&D14&"', "&E14&");" -> INSERT INTO PRODUTO (prd_id, prd_cat_id, prd_nome, prd_var, prd_atv) VALUES (13, 7, 'Rabanete', '', 1);
A15: 14 | B15: 1 | C15: Repolho | D15: Roxo | E15: 1 | G15: ="INSERT INTO PRODUTO (prd_id, prd_cat_id, prd_nome, prd_var, prd_atv) VALUES ("&A15&", "&B15&", '"&C15&"', '"&D15&"', "&E15&");" -> INSERT INTO PRODUTO (prd_id, prd_cat_id, prd_nome, prd_var, prd_atv) VALUES (14, 1, 'Repolho', 'Roxo', 1);
A16: 15 | B16: 1 | C16: Repolho | D16: Verde | E16: 1 | G16: ="INSERT INTO PRODUTO (prd_id, prd_cat_id, prd_nome, prd_var, prd_atv) VALUES ("&A16&", "&B16&", '"&C16&"', '"&D16&"', "&E16&");" -> INSERT INTO PRODUTO (prd_id, prd_cat_id, prd_nome, prd_var, prd_atv) VALUES (15, 1, 'Repolho', 'Verde', 1);
A17: 16 | B17: 1 | C17: Rúcula | E17: 1 | G17: ="INSERT INTO PRODUTO (prd_id, prd_cat_id, prd_nome, prd_var, prd_atv) VALUES ("&A17&", "&B17&", '"&C17&"', '"&D17&"', "&E17&");" -> INSERT INTO PRODUTO (prd_id, prd_cat_id, prd_nome, prd_var, prd_atv) VALUES (16, 1, 'Rúcula', '', 1);
A18: 17 | B18: 4 | C18: Cebolinha | E18: 1 | G18: ="INSERT INTO PRODUTO (prd_id, prd_cat_id, prd_nome, prd_var, prd_atv) VALUES ("&A18&", "&B18&", '"&C18&"', '"&D18&"', "&E18&");" -> INSERT INTO PRODUTO (prd_id, prd_cat_id, prd_nome, prd_var, prd_atv) VALUES (17, 4, 'Cebolinha', '', 1);
A19: 18 | B19: 4 | C19: Coentro | E19: 1 | G19: ="INSERT INTO PRODUTO (prd_id, prd_cat_id, prd_nome, prd_var, prd_atv) VALUES ("&A19&", "&B19&", '"&C19&"', '"&D19&"', "&E19&");" -> INSERT INTO PRODUTO (prd_id, prd_cat_id, prd_nome, prd_var, prd_atv) VALUES (18, 4, 'Coentro', '', 1);
A20: 19 | B20: 4 | C20: Salsinha | E20: 1 | G20: ="INSERT INTO PRODUTO (prd_id, prd_cat_id, prd_nome, prd_var, prd_atv) VALUES ("&A20&", "&B20&", '"&C20&"', '"&D20&"', "&E20&");" -> INSERT INTO PRODUTO (prd_id, prd_cat_id, prd_nome, prd_var, prd_atv) VALUES (19, 4, 'Salsinha', '', 1);
A21: 20 | B21: 6 | C21: Abóbora | D21: Cabotiá | E21: 1 | G21: ="INSERT INTO PRODUTO (prd_id, prd_cat_id, prd_nome, prd_var, prd_atv) VALUES ("&A21&", "&B21&", '"&C21&"', '"&D21&"', "&E21&");" -> INSERT INTO PRODUTO (prd_id, prd_cat_id, prd_nome, prd_var, prd_atv) VALUES (20, 6, 'Abóbora', 'Cabotiá', 1);
A22: 21 | B22: 6 | C22: Abobrinha | D22: Italiana | E22: 1 | G22: ="INSERT INTO PRODUTO (prd_id, prd_cat_id, prd_nome, prd_var, prd_atv) VALUES ("&A22&", "&B22&", '"&C22&"', '"&D22&"', "&E22&");" -> INSERT INTO PRODUTO (prd_id, prd_cat_id, prd_nome, prd_var, prd_atv) VALUES (21, 6, 'Abobrinha', 'Italiana', 1);
A23: 22 | B23: 7 | C23: Batata-doce | E23: 1 | G23: ="INSERT INTO PRODUTO (prd_id, prd_cat_id, prd_nome, prd_var, prd_atv) VALUES ("&A23&", "&B23&", '"&C23&"', '"&D23&"', "&E23&");" -> INSERT INTO PRODUTO (prd_id, prd_cat_id, prd_nome, prd_var, prd_atv) VALUES (22, 7, 'Batata-doce', '', 1);
A24: 23 | B24: 6 | C24: Berinjela | D24: Comum | E24: 1 | G24: ="INSERT INTO PRODUTO (prd_id, prd_cat_id, prd_nome, prd_var, prd_atv) VALUES ("&A24&", "&B24&", '"&C24&"', '"&D24&"', "&E24&");" -> INSERT INTO PRODUTO (prd_id, prd_cat_id, prd_nome, prd_var, prd_atv) VALUES (23, 6, 'Berinjela', 'Comum', 1);
A25: 24 | B25: 6 | C25: Berinjela | D25: Japonesa | E25: 1 | G25: ="INSERT INTO PRODUTO (prd_id, prd_cat_id, prd_nome, prd_var, prd_atv) VALUES ("&A25&", "&B25&", '"&C25&"', '"&D25&"', "&E25&");" -> INSERT INTO PRODUTO (prd_id, prd_cat_id, prd_nome, prd_var, prd_atv) VALUES (24, 6, 'Berinjela', 'Japonesa', 1);
A26: 25 | B26: 7 | C26: Beterraba | E26: 1 | G26: ="INSERT INTO PRODUTO (prd_id, prd_cat_id, prd_nome, prd_var, prd_atv) VALUES ("&A26&", "&B26&", '"&C26&"', '"&D26&"', "&E26&");" -> INSERT INTO PRODUTO (prd_id, prd_cat_id, prd_nome, prd_var, prd_atv) VALUES (25, 7, 'Beterraba', '', 1);
A27: 26 | B27: 7 | C27: Cenoura | E27: 1 | G27: ="INSERT INTO PRODUTO (prd_id, prd_cat_id, prd_nome, prd_var, prd_atv) VALUES ("&A27&", "&B27&", '"&C27&"', '"&D27&"', "&E27&");" -> INSERT INTO PRODUTO (prd_id, prd_cat_id, prd_nome, prd_var, prd_atv) VALUES (26, 7, 'Cenoura', '', 1);
A28: 27 | B28: 6 | C28: Chuchu | E28: 1 | G28: ="INSERT INTO PRODUTO (prd_id, prd_cat_id, prd_nome, prd_var, prd_atv) VALUES ("&A28&", "&B28&", '"&C28&"', '"&D28&"', "&E28&");" -> INSERT INTO PRODUTO (prd_id, prd_cat_id, prd_nome, prd_var, prd_atv) VALUES (27, 6, 'Chuchu', '', 1);
A29: 28 | B29: 6 | C29: Jiló | E29: 1 | G29: ="INSERT INTO PRODUTO (prd_id, prd_cat_id, prd_nome, prd_var, prd_atv) VALUES ("&A29&", "&B29&", '"&C29&"', '"&D29&"', "&E29&");" -> INSERT INTO PRODUTO (prd_id, prd_cat_id, prd_nome, prd_var, prd_atv) VALUES (28, 6, 'Jiló', '', 1);
A30: 29 | B30: 7 | C30: Mandioca | E30: 1 | G30: ="INSERT INTO PRODUTO (prd_id, prd_cat_id, prd_nome, prd_var, prd_atv) VALUES ("&A30&", "&B30&", '"&C30&"', '"&D30&"', "&E30&");" -> INSERT INTO PRODUTO (prd_id, prd_cat_id, prd_nome, prd_var, prd_atv) VALUES (29, 7, 'Mandioca', '', 1);
A31: 30 | B31: 6 | C31: Pepino | D31: Comum | E31: 1 | G31: ="INSERT INTO PRODUTO (prd_id, prd_cat_id, prd_nome, prd_var, prd_atv) VALUES ("&A31&", "&B31&", '"&C31&"', '"&D31&"', "&E31&");" -> INSERT INTO PRODUTO (prd_id, prd_cat_id, prd_nome, prd_var, prd_atv) VALUES (30, 6, 'Pepino', 'Comum', 1);
A32: 31 | B32: 6 | C32: Pepino | D32: Japonês | E32: 1 | G32: ="INSERT INTO PRODUTO (prd_id, prd_cat_id, prd_nome, prd_var, prd_atv) VALUES ("&A32&", "&B32&", '"&C32&"', '"&D32&"', "&E32&");" -> INSERT INTO PRODUTO (prd_id, prd_cat_id, prd_nome, prd_var, prd_atv) VALUES (31, 6, 'Pepino', 'Japonês', 1);
A33: 32 | B33: 6 | C33: Pimentão | D33: Verde | E33: 1 | G33: ="INSERT INTO PRODUTO (prd_id, prd_cat_id, prd_nome, prd_var, prd_atv) VALUES ("&A33&", "&B33&", '"&C33&"', '"&D33&"', "&E33&");" -> INSERT INTO PRODUTO (prd_id, prd_cat_id, prd_nome, prd_var, prd_atv) VALUES (32, 6, 'Pimentão', 'Verde', 1);
A34: 33 | B34: 6 | C34: Quiabo | E34: 1 | G34: ="INSERT INTO PRODUTO (prd_id, prd_cat_id, prd_nome, prd_var, prd_atv) VALUES ("&A34&", "&B34&", '"&C34&"', '"&D34&"', "&E34&");" -> INSERT INTO PRODUTO (prd_id, prd_cat_id, prd_nome, prd_var, prd_atv) VALUES (33, 6, 'Quiabo', '', 1);
A35: 34 | B35: 6 | C35: Tomate | D35: Débora | E35: 1 | G35: ="INSERT INTO PRODUTO (prd_id, prd_cat_id, prd_nome, prd_var, prd_atv) VALUES ("&A35&", "&B35&", '"&C35&"', '"&D35&"', "&E35&");" -> INSERT INTO PRODUTO (prd_id, prd_cat_id, prd_nome, prd_var, prd_atv) VALUES (34, 6, 'Tomate', 'Débora', 1);
A36: 35 | B36: 5 | C36: Vagem | D36: Macarrão | E36: 1 | G36: ="INSERT INTO PRODUTO (prd_id, prd_cat_id, prd_nome, prd_var, prd_atv) VALUES ("&A36&", "&B36&", '"&C36&"', '"&D36&"', "&E36&");" -> INSERT INTO PRODUTO (prd_id, prd_cat_id, prd_nome, prd_var, prd_atv) VALUES (35, 5, 'Vagem', 'Macarrão', 1);
A37: 36 | B37: 10 | C37: Caqui | D37: Fuyu | E37: 1 | G37: ="INSERT INTO PRODUTO (prd_id, prd_cat_id, prd_nome, prd_var, prd_atv) VALUES ("&A37&", "&B37&", '"&C37&"', '"&D37&"', "&E37&");" -> INSERT INTO PRODUTO (prd_id, prd_cat_id, prd_nome, prd_var, prd_atv) VALUES (36, 10, 'Caqui', 'Fuyu', 1);
A38: 37 | B38: 10 | C38: Caqui | D38: Guiombo | E38: 1 | G38: ="INSERT INTO PRODUTO (prd_id, prd_cat_id, prd_nome, prd_var, prd_atv) VALUES ("&A38&", "&B38&", '"&C38&"', '"&D38&"', "&E38&");" -> INSERT INTO PRODUTO (prd_id, prd_cat_id, prd_nome, prd_var, prd_atv) VALUES (37, 10, 'Caqui', 'Guiombo', 1);
A39: 38 | B39: 10 | C39: Caqui | D39: Rama Forte | E39: 1 | G39: ="INSERT INTO PRODUTO (prd_id, prd_cat_id, prd_nome, prd_var, prd_atv) VALUES ("&A39&", "&B39&", '"&C39&"', '"&D39&"', "&E39&");" -> INSERT INTO PRODUTO (prd_id, prd_cat_id, prd_nome, prd_var, prd_atv) VALUES (38, 10, 'Caqui', 'Rama Forte', 1);
A40: 39 | B40: 10 | C40: Goiaba | E40: 1 | G40: ="INSERT INTO PRODUTO (prd_id, prd_cat_id, prd_nome, prd_var, prd_atv) VALUES ("&A40&", "&B40&", '"&C40&"', '"&D40&"', "&E40&");" -> INSERT INTO PRODUTO (prd_id, prd_cat_id, prd_nome, prd_var, prd_atv) VALUES (39, 10, 'Goiaba', '', 1);
A41: 40 | B41: 10 | C41: Mexerica | D41: Ponkan | E41: 1 | G41: ="INSERT INTO PRODUTO (prd_id, prd_cat_id, prd_nome, prd_var, prd_atv) VALUES ("&A41&", "&B41&", '"&C41&"', '"&D41&"', "&E41&");" -> INSERT INTO PRODUTO (prd_id, prd_cat_id, prd_nome, prd_var, prd_atv) VALUES (40, 10, 'Mexerica', 'Ponkan', 1);

Sheet PRODUTO_APRESENTACAO
A1: pap_id | B1: pap_prd_id | C1: pap_tap_id | D1: pap_qtd | E1: pap_umd_id | F1: pap_atv
A2: 1 | B2: 1 | C2: 3 | D2: 1 | F2: 1 | G2: ="INSERT INTO PRODUTO_APRESENTACAO (pap_id, pap_prd_id, pap_tap_id, pap_qtd, pap_umd_id, pap_atv) VALUES ("&A2&", "&B2&", "&C2&", "&D2&", "&IF(E2="","NULL",E2)&", "&F2&");" -> INSERT INTO PRODUTO_APRESENTACAO (pap_id, pap_prd_id, pap_tap_id, pap_qtd, pap_umd_id, pap_atv) VALUES (1, 1, 3, 1, NULL, 1); | H2: ="UPDATE PRODUTO_APRESENTACAO SET pap_prd_id = "&B2&", pap_tap_id = "&C2&", pap_qtd = "&D2&", pap_umd_id = "&IF(E2="","NULL",E2)&", pap_atv = "&F2&" WHERE pap_id = "&A2&";" -> UPDATE PRODUTO_APRESENTACAO SET pap_prd_id = 1, pap_tap_id = 3, pap_qtd = 1, pap_umd_id = NULL, pap_atv = 1 WHERE pap_id = 1;
A3: 2 | B3: 2 | C3: 3 | D3: 1 | F3: 1 | G3: ="INSERT INTO PRODUTO_APRESENTACAO (pap_id, pap_prd_id, pap_tap_id, pap_qtd, pap_umd_id, pap_atv) VALUES ("&A3&", "&B3&", "&C3&", "&D3&", "&IF(E3="","NULL",E3)&", "&F3&");" -> INSERT INTO PRODUTO_APRESENTACAO (pap_id, pap_prd_id, pap_tap_id, pap_qtd, pap_umd_id, pap_atv) VALUES (2, 2, 3, 1, NULL, 1); | H3: ="UPDATE PRODUTO_APRESENTACAO SET pap_prd_id = "&B3&", pap_tap_id = "&C3&", pap_qtd = "&D3&", pap_umd_id = "&IF(E3="","NULL",E3)&", pap_atv = "&F3&" WHERE pap_id = "&A3&";" -> UPDATE PRODUTO_APRESENTACAO SET pap_prd_id = 2, pap_tap_id = 3, pap_qtd = 1, pap_umd_id = NULL, pap_atv = 1 WHERE pap_id = 2;
A4: 3 | B4: 3 | C4: 3 | D4: 1 | F4: 1 | G4: ="INSERT INTO PRODUTO_APRESENTACAO (pap_id, pap_prd_id, pap_tap_id, pap_qtd, pap_umd_id, pap_atv) VALUES ("&A4&", "&B4&", "&C4&", "&D4&", "&IF(E4="","NULL",E4)&", "&F4&");" -> INSERT INTO PRODUTO_APRESENTACAO (pap_id, pap_prd_id, pap_tap_id, pap_qtd, pap_umd_id, pap_atv) VALUES (3, 3, 3, 1, NULL, 1); | H4: ="UPDATE PRODUTO_APRESENTACAO SET pap_prd_id = "&B4&", pap_tap_id = "&C4&", pap_qtd = "&D4&", pap_umd_id = "&IF(E4="","NULL",E4)&", pap_atv = "&F4&" WHERE pap_id = "&A4&";" -> UPDATE PRODUTO_APRESENTACAO SET pap_prd_id = 3, pap_tap_id = 3, pap_qtd = 1, pap_umd_id = NULL, pap_atv = 1 WHERE pap_id = 3;
A5: 4 | B5: 4 | C5: 3 | D5: 1 | F5: 1 | G5: ="INSERT INTO PRODUTO_APRESENTACAO (pap_id, pap_prd_id, pap_tap_id, pap_qtd, pap_umd_id, pap_atv) VALUES ("&A5&", "&B5&", "&C5&", "&D5&", "&IF(E5="","NULL",E5)&", "&F5&");" -> INSERT INTO PRODUTO_APRESENTACAO (pap_id, pap_prd_id, pap_tap_id, pap_qtd, pap_umd_id, pap_atv) VALUES (4, 4, 3, 1, NULL, 1); | H5: ="UPDATE PRODUTO_APRESENTACAO SET pap_prd_id = "&B5&", pap_tap_id = "&C5&", pap_qtd = "&D5&", pap_umd_id = "&IF(E5="","NULL",E5)&", pap_atv = "&F5&" WHERE pap_id = "&A5&";" -> UPDATE PRODUTO_APRESENTACAO SET pap_prd_id = 4, pap_tap_id = 3, pap_qtd = 1, pap_umd_id = NULL, pap_atv = 1 WHERE pap_id = 4;
A6: 5 | B6: 5 | C6: 3 | D6: 1 | F6: 1 | G6: ="INSERT INTO PRODUTO_APRESENTACAO (pap_id, pap_prd_id, pap_tap_id, pap_qtd, pap_umd_id, pap_atv) VALUES ("&A6&", "&B6&", "&C6&", "&D6&", "&IF(E6="","NULL",E6)&", "&F6&");" -> INSERT INTO PRODUTO_APRESENTACAO (pap_id, pap_prd_id, pap_tap_id, pap_qtd, pap_umd_id, pap_atv) VALUES (5, 5, 3, 1, NULL, 1); | H6: ="UPDATE PRODUTO_APRESENTACAO SET pap_prd_id = "&B6&", pap_tap_id = "&C6&", pap_qtd = "&D6&", pap_umd_id = "&IF(E6="","NULL",E6)&", pap_atv = "&F6&" WHERE pap_id = "&A6&";" -> UPDATE PRODUTO_APRESENTACAO SET pap_prd_id = 5, pap_tap_id = 3, pap_qtd = 1, pap_umd_id = NULL, pap_atv = 1 WHERE pap_id = 5;
A7: 6 | B7: 6 | C7: 3 | D7: 1 | F7: 1 | G7: ="INSERT INTO PRODUTO_APRESENTACAO (pap_id, pap_prd_id, pap_tap_id, pap_qtd, pap_umd_id, pap_atv) VALUES ("&A7&", "&B7&", "&C7&", "&D7&", "&IF(E7="","NULL",E7)&", "&F7&");" -> INSERT INTO PRODUTO_APRESENTACAO (pap_id, pap_prd_id, pap_tap_id, pap_qtd, pap_umd_id, pap_atv) VALUES (6, 6, 3, 1, NULL, 1); | H7: ="UPDATE PRODUTO_APRESENTACAO SET pap_prd_id = "&B7&", pap_tap_id = "&C7&", pap_qtd = "&D7&", pap_umd_id = "&IF(E7="","NULL",E7)&", pap_atv = "&F7&" WHERE pap_id = "&A7&";" -> UPDATE PRODUTO_APRESENTACAO SET pap_prd_id = 6, pap_tap_id = 3, pap_qtd = 1, pap_umd_id = NULL, pap_atv = 1 WHERE pap_id = 6;
A8: 7 | B8: 7 | C8: 3 | D8: 1 | F8: 1 | G8: ="INSERT INTO PRODUTO_APRESENTACAO (pap_id, pap_prd_id, pap_tap_id, pap_qtd, pap_umd_id, pap_atv) VALUES ("&A8&", "&B8&", "&C8&", "&D8&", "&IF(E8="","NULL",E8)&", "&F8&");" -> INSERT INTO PRODUTO_APRESENTACAO (pap_id, pap_prd_id, pap_tap_id, pap_qtd, pap_umd_id, pap_atv) VALUES (7, 7, 3, 1, NULL, 1); | H8: ="UPDATE PRODUTO_APRESENTACAO SET pap_prd_id = "&B8&", pap_tap_id = "&C8&", pap_qtd = "&D8&", pap_umd_id = "&IF(E8="","NULL",E8)&", pap_atv = "&F8&" WHERE pap_id = "&A8&";" -> UPDATE PRODUTO_APRESENTACAO SET pap_prd_id = 7, pap_tap_id = 3, pap_qtd = 1, pap_umd_id = NULL, pap_atv = 1 WHERE pap_id = 7;
A9: 8 | B9: 8 | C9: 3 | D9: 1 | F9: 1 | G9: ="INSERT INTO PRODUTO_APRESENTACAO (pap_id, pap_prd_id, pap_tap_id, pap_qtd, pap_umd_id, pap_atv) VALUES ("&A9&", "&B9&", "&C9&", "&D9&", "&IF(E9="","NULL",E9)&", "&F9&");" -> INSERT INTO PRODUTO_APRESENTACAO (pap_id, pap_prd_id, pap_tap_id, pap_qtd, pap_umd_id, pap_atv) VALUES (8, 8, 3, 1, NULL, 1); | H9: ="UPDATE PRODUTO_APRESENTACAO SET pap_prd_id = "&B9&", pap_tap_id = "&C9&", pap_qtd = "&D9&", pap_umd_id = "&IF(E9="","NULL",E9)&", pap_atv = "&F9&" WHERE pap_id = "&A9&";" -> UPDATE PRODUTO_APRESENTACAO SET pap_prd_id = 8, pap_tap_id = 3, pap_qtd = 1, pap_umd_id = NULL, pap_atv = 1 WHERE pap_id = 8;
A10: 9 | B10: 9 | C10: 3 | D10: 1 | F10: 1 | G10: ="INSERT INTO PRODUTO_APRESENTACAO (pap_id, pap_prd_id, pap_tap_id, pap_qtd, pap_umd_id, pap_atv) VALUES ("&A10&", "&B10&", "&C10&", "&D10&", "&IF(E10="","NULL",E10)&", "&F10&");" -> INSERT INTO PRODUTO_APRESENTACAO (pap_id, pap_prd_id, pap_tap_id, pap_qtd, pap_umd_id, pap_atv) VALUES (9, 9, 3, 1, NULL, 1); | H10: ="UPDATE PRODUTO_APRESENTACAO SET pap_prd_id = "&B10&", pap_tap_id = "&C10&", pap_qtd = "&D10&", pap_umd_id = "&IF(E10="","NULL",E10)&", pap_atv = "&F10&" WHERE pap_id = "&A10&";" -> UPDATE PRODUTO_APRESENTACAO SET pap_prd_id = 9, pap_tap_id = 3, pap_qtd = 1, pap_umd_id = NULL, pap_atv = 1 WHERE pap_id = 9;
A11: 10 | B11: 10 | C11: 3 | D11: 1 | F11: 1 | G11: ="INSERT INTO PRODUTO_APRESENTACAO (pap_id, pap_prd_id, pap_tap_id, pap_qtd, pap_umd_id, pap_atv) VALUES ("&A11&", "&B11&", "&C11&", "&D11&", "&IF(E11="","NULL",E11)&", "&F11&");" -> INSERT INTO PRODUTO_APRESENTACAO (pap_id, pap_prd_id, pap_tap_id, pap_qtd, pap_umd_id, pap_atv) VALUES (10, 10, 3, 1, NULL, 1); | H11: ="UPDATE PRODUTO_APRESENTACAO SET pap_prd_id = "&B11&", pap_tap_id = "&C11&", pap_qtd = "&D11&", pap_umd_id = "&IF(E11="","NULL",E11)&", pap_atv = "&F11&" WHERE pap_id = "&A11&";" -> UPDATE PRODUTO_APRESENTACAO SET pap_prd_id = 10, pap_tap_id = 3, pap_qtd = 1, pap_umd_id = NULL, pap_atv = 1 WHERE pap_id = 10;
A12: 11 | B12: 11 | C12: 3 | D12: 1 | F12: 1 | G12: ="INSERT INTO PRODUTO_APRESENTACAO (pap_id, pap_prd_id, pap_tap_id, pap_qtd, pap_umd_id, pap_atv) VALUES ("&A12&", "&B12&", "&C12&", "&D12&", "&IF(E12="","NULL",E12)&", "&F12&");" -> INSERT INTO PRODUTO_APRESENTACAO (pap_id, pap_prd_id, pap_tap_id, pap_qtd, pap_umd_id, pap_atv) VALUES (11, 11, 3, 1, NULL, 1); | H12: ="UPDATE PRODUTO_APRESENTACAO SET pap_prd_id = "&B12&", pap_tap_id = "&C12&", pap_qtd = "&D12&", pap_umd_id = "&IF(E12="","NULL",E12)&", pap_atv = "&F12&" WHERE pap_id = "&A12&";" -> UPDATE PRODUTO_APRESENTACAO SET pap_prd_id = 11, pap_tap_id = 3, pap_qtd = 1, pap_umd_id = NULL, pap_atv = 1 WHERE pap_id = 11;
A13: 12 | B13: 12 | C13: 3 | D13: 1 | F13: 1 | G13: ="INSERT INTO PRODUTO_APRESENTACAO (pap_id, pap_prd_id, pap_tap_id, pap_qtd, pap_umd_id, pap_atv) VALUES ("&A13&", "&B13&", "&C13&", "&D13&", "&IF(E13="","NULL",E13)&", "&F13&");" -> INSERT INTO PRODUTO_APRESENTACAO (pap_id, pap_prd_id, pap_tap_id, pap_qtd, pap_umd_id, pap_atv) VALUES (12, 12, 3, 1, NULL, 1); | H13: ="UPDATE PRODUTO_APRESENTACAO SET pap_prd_id = "&B13&", pap_tap_id = "&C13&", pap_qtd = "&D13&", pap_umd_id = "&IF(E13="","NULL",E13)&", pap_atv = "&F13&" WHERE pap_id = "&A13&";" -> UPDATE PRODUTO_APRESENTACAO SET pap_prd_id = 12, pap_tap_id = 3, pap_qtd = 1, pap_umd_id = NULL, pap_atv = 1 WHERE pap_id = 12;
... A17: 16 | B17: 16 | C17: 3 | D17: 1 | F17: 1 | G17: ="INSERT INTO PRODUTO_APRESENTACAO (pap_id, pap_prd_id, pap_tap_id, pap_qtd, pap_umd_id, pap_atv) VALUES ("&A17&", "&B17&", "&C17&", "&D17&", "&IF(E17="","NULL",E17)&", "&F17&");" -> INSERT INTO PRODUTO_APRESENTACAO (pap_id, pap_prd_id, pap_tap_id, pap_qtd, pap_umd_id, pap_atv) VALUES (16, 16, 3, 1, NULL, 1); | H17: ="UPDATE PRODUTO_APRESENTACAO SET pap_prd_id = "&B17&", pap_tap_id = "&C17&", pap_qtd = "&D17&", pap_umd_id = "&IF(E17="","NULL",E17)&", pap_atv = "&F17&" WHERE pap_id = "&A17&";" -> UPDATE PRODUTO_APRESENTACAO SET pap_prd_id = 16, pap_tap_id = 3, pap_qtd = 1, pap_umd_id = NULL, pap_atv = 1 WHERE pap_id = 16;
A18: 17 | B18: 17 | C18: 2 | D18: 0.5 | E18: 1 | F18: 1 | G18: ="INSERT INTO PRODUTO_APRESENTACAO (pap_id, pap_prd_id, pap_tap_id, pap_qtd, pap_umd_id, pap_atv) VALUES ("&A18&", "&B18&", "&C18&", "&D18&", "&IF(E18="","NULL",E18)&", "&F18&");" -> INSERT INTO PRODUTO_APRESENTACAO (pap_id, pap_prd_id, pap_tap_id, pap_qtd, pap_umd_id, pap_atv) VALUES (17, 17, 2, 0.5, 1, 1); | H18: ="UPDATE PRODUTO_APRESENTACAO SET pap_prd_id = "&B18&", pap_tap_id = "&C18&", pap_qtd = "&D18&", pap_umd_id = "&IF(E18="","NULL",E18)&", pap_atv = "&F18&" WHERE pap_id = "&A18&";" -> UPDATE PRODUTO_APRESENTACAO SET pap_prd_id = 17, pap_tap_id = 2, pap_qtd = 0.5, pap_umd_id = 1, pap_atv = 1 WHERE pap_id = 17;
A19: 18 | B19: 18 | C19: 2 | D19: 2 | E19: 1 | F19: 1 | G19: ="INSERT INTO PRODUTO_APRESENTACAO (pap_id, pap_prd_id, pap_tap_id, pap_qtd, pap_umd_id, pap_atv) VALUES ("&A19&", "&B19&", "&C19&", "&D19&", "&IF(E19="","NULL",E19)&", "&F19&");" -> INSERT INTO PRODUTO_APRESENTACAO (pap_id, pap_prd_id, pap_tap_id, pap_qtd, pap_umd_id, pap_atv) VALUES (18, 18, 2, 2, 1, 1); | H19: ="UPDATE PRODUTO_APRESENTACAO SET pap_prd_id = "&B19&", pap_tap_id = "&C19&", pap_qtd = "&D19&", pap_umd_id = "&IF(E19="","NULL",E19)&", pap_atv = "&F19&" WHERE pap_id = "&A19&";" -> UPDATE PRODUTO_APRESENTACAO SET pap_prd_id = 18, pap_tap_id = 2, pap_qtd = 2, pap_umd_id = 1, pap_atv = 1 WHERE pap_id = 18;
A20: 19 | B20: 19 | C20: 2 | D20: 2 | E20: 1 | F20: 1 | G20: ="INSERT INTO PRODUTO_APRESENTACAO (pap_id, pap_prd_id, pap_tap_id, pap_qtd, pap_umd_id, pap_atv) VALUES ("&A20&", "&B20&", "&C20&", "&D20&", "&IF(E20="","NULL",E20)&", "&F20&");" -> INSERT INTO PRODUTO_APRESENTACAO (pap_id, pap_prd_id, pap_tap_id, pap_qtd, pap_umd_id, pap_atv) VALUES (19, 19, 2, 2, 1, 1); | H20: ="UPDATE PRODUTO_APRESENTACAO SET pap_prd_id = "&B20&", pap_tap_id = "&C20&", pap_qtd = "&D20&", pap_umd_id = "&IF(E20="","NULL",E20)&", pap_atv = "&F20&" WHERE pap_id = "&A20&";" -> UPDATE PRODUTO_APRESENTACAO SET pap_prd_id = 19, pap_tap_id = 2, pap_qtd = 2, pap_umd_id = 1, pap_atv = 1 WHERE pap_id = 19;
A21: 20 | B21: 20 | C21: 1 | D21: 30 | E21: 1 | F21: 1 | G21: ="INSERT INTO PRODUTO_APRESENTACAO (pap_id, pap_prd_id, pap_tap_id, pap_qtd, pap_umd_id, pap_atv) VALUES ("&A21&", "&B21&", "&C21&", "&D21&", "&IF(E21="","NULL",E21)&", "&F21&");" -> INSERT INTO PRODUTO_APRESENTACAO (pap_id, pap_prd_id, pap_tap_id, pap_qtd, pap_umd_id, pap_atv) VALUES (20, 20, 1, 30, 1, 1); | H21: ="UPDATE PRODUTO_APRESENTACAO SET pap_prd_id = "&B21&", pap_tap_id = "&C21&", pap_qtd = "&D21&", pap_umd_id = "&IF(E21="","NULL",E21)&", pap_atv = "&F21&" WHERE pap_id = "&A21&";" -> UPDATE PRODUTO_APRESENTACAO SET pap_prd_id = 20, pap_tap_id = 1, pap_qtd = 30, pap_umd_id = 1, pap_atv = 1 WHERE pap_id = 20;
A22: 21 | B22: 21 | C22: 1 | D22: 17 | E22: 1 | F22: 1 | G22: ="INSERT INTO PRODUTO_APRESENTACAO (pap_id, pap_prd_id, pap_tap_id, pap_qtd, pap_umd_id, pap_atv) VALUES ("&A22&", "&B22&", "&C22&", "&D22&", "&IF(E22="","NULL",E22)&", "&F22&");" -> INSERT INTO PRODUTO_APRESENTACAO (pap_id, pap_prd_id, pap_tap_id, pap_qtd, pap_umd_id, pap_atv) VALUES (21, 21, 1, 17, 1, 1); | H22: ="UPDATE PRODUTO_APRESENTACAO SET pap_prd_id = "&B22&", pap_tap_id = "&C22&", pap_qtd = "&D22&", pap_umd_id = "&IF(E22="","NULL",E22)&", pap_atv = "&F22&" WHERE pap_id = "&A22&";" -> UPDATE PRODUTO_APRESENTACAO SET pap_prd_id = 21, pap_tap_id = 1, pap_qtd = 17, pap_umd_id = 1, pap_atv = 1 WHERE pap_id = 21;
A23: 22 | B23: 22 | C23: 1 | D23: 18 | E23: 1 | F23: 1 | G23: ="INSERT INTO PRODUTO_APRESENTACAO (pap_id, pap_prd_id, pap_tap_id, pap_qtd, pap_umd_id, pap_atv) VALUES ("&A23&", "&B23&", "&C23&", "&D23&", "&IF(E23="","NULL",E23)&", "&F23&");" -> INSERT INTO PRODUTO_APRESENTACAO (pap_id, pap_prd_id, pap_tap_id, pap_qtd, pap_umd_id, pap_atv) VALUES (22, 22, 1, 18, 1, 1); | H23: ="UPDATE PRODUTO_APRESENTACAO SET pap_prd_id = "&B23&", pap_tap_id = "&C23&", pap_qtd = "&D23&", pap_umd_id = "&IF(E23="","NULL",E23)&", pap_atv = "&F23&" WHERE pap_id = "&A23&";" -> UPDATE PRODUTO_APRESENTACAO SET pap_prd_id = 22, pap_tap_id = 1, pap_qtd = 18, pap_umd_id = 1, pap_atv = 1 WHERE pap_id = 22;
A24: 23 | B24: 23 | C24: 1 | D24: 10 | E24: 1 | F24: 1 | G24: ="INSERT INTO PRODUTO_APRESENTACAO (pap_id, pap_prd_id, pap_tap_id, pap_qtd, pap_umd_id, pap_atv) VALUES ("&A24&", "&B24&", "&C24&", "&D24&", "&IF(E24="","NULL",E24)&", "&F24&");" -> INSERT INTO PRODUTO_APRESENTACAO (pap_id, pap_prd_id, pap_tap_id, pap_qtd, pap_umd_id, pap_atv) VALUES (23, 23, 1, 10, 1, 1); | H24: ="UPDATE PRODUTO_APRESENTACAO SET pap_prd_id = "&B24&", pap_tap_id = "&C24&", pap_qtd = "&D24&", pap_umd_id = "&IF(E24="","NULL",E24)&", pap_atv = "&F24&" WHERE pap_id = "&A24&";" -> UPDATE PRODUTO_APRESENTACAO SET pap_prd_id = 23, pap_tap_id = 1, pap_qtd = 10, pap_umd_id = 1, pap_atv = 1 WHERE pap_id = 23;
A25: 24 | B25: 24 | C25: 1 | D25: 10 | E25: 1 | F25: 1 | G25: ="INSERT INTO PRODUTO_APRESENTACAO (pap_id, pap_prd_id, pap_tap_id, pap_qtd, pap_umd_id, pap_atv) VALUES ("&A25&", "&B25&", "&C25&", "&D25&", "&IF(E25="","NULL",E25)&", "&F25&");" -> INSERT INTO PRODUTO_APRESENTACAO (pap_id, pap_prd_id, pap_tap_id, pap_qtd, pap_umd_id, pap_atv) VALUES (24, 24, 1, 10, 1, 1); | H25: ="UPDATE PRODUTO_APRESENTACAO SET pap_prd_id = "&B25&", pap_tap_id = "&C25&", pap_qtd = "&D25&", pap_umd_id = "&IF(E25="","NULL",E25)&", pap_atv = "&F25&" WHERE pap_id = "&A25&";" -> UPDATE PRODUTO_APRESENTACAO SET pap_prd_id = 24, pap_tap_id = 1, pap_qtd = 10, pap_umd_id = 1, pap_atv = 1 WHERE pap_id = 24;
A26: 25 | B26: 25 | C26: 1 | D26: 20 | E26: 1 | F26: 1 | G26: ="INSERT INTO PRODUTO_APRESENTACAO (pap_id, pap_prd_id, pap_tap_id, pap_qtd, pap_umd_id, pap_atv) VALUES ("&A26&", "&B26&", "&C26&", "&D26&", "&IF(E26="","NULL",E26)&", "&F26&");" -> INSERT INTO PRODUTO_APRESENTACAO (pap_id, pap_prd_id, pap_tap_id, pap_qtd, pap_umd_id, pap_atv) VALUES (25, 25, 1, 20, 1, 1); | H26: ="UPDATE PRODUTO_APRESENTACAO SET pap_prd_id = "&B26&", pap_tap_id = "&C26&", pap_qtd = "&D26&", pap_umd_id = "&IF(E26="","NULL",E26)&", pap_atv = "&F26&" WHERE pap_id = "&A26&";" -> UPDATE PRODUTO_APRESENTACAO SET pap_prd_id = 25, pap_tap_id = 1, pap_qtd = 20, pap_umd_id = 1, pap_atv = 1 WHERE pap_id = 25;
A27: 26 | B27: 26 | C27: 1 | D27: 18 | E27: 1 | F27: 1 | G27: ="INSERT INTO PRODUTO_APRESENTACAO (pap_id, pap_prd_id, pap_tap_id, pap_qtd, pap_umd_id, pap_atv) VALUES ("&A27&", "&B27&", "&C27&", "&D27&", "&IF(E27="","NULL",E27)&", "&F27&");" -> INSERT INTO PRODUTO_APRESENTACAO (pap_id, pap_prd_id, pap_tap_id, pap_qtd, pap_umd_id, pap_atv) VALUES (26, 26, 1, 18, 1, 1); | H27: ="UPDATE PRODUTO_APRESENTACAO SET pap_prd_id = "&B27&", pap_tap_id = "&C27&", pap_qtd = "&D27&", pap_umd_id = "&IF(E27="","NULL",E27)&", pap_atv = "&F27&" WHERE pap_id = "&A27&";" -> UPDATE PRODUTO_APRESENTACAO SET pap_prd_id = 26, pap_tap_id = 1, pap_qtd = 18, pap_umd_id = 1, pap_atv = 1 WHERE pap_id = 26;
A28: 27 | B28: 27 | C28: 1 | D28: 18 | E28: 1 | F28: 1 | G28: ="INSERT INTO PRODUTO_APRESENTACAO (pap_id, pap_prd_id, pap_tap_id, pap_qtd, pap_umd_id, pap_atv) VALUES ("&A28&", "&B28&", "&C28&", "&D28&", "&IF(E28="","NULL",E28)&", "&F28&");" -> INSERT INTO PRODUTO_APRESENTACAO (pap_id, pap_prd_id, pap_tap_id, pap_qtd, pap_umd_id, pap_atv) VALUES (27, 27, 1, 18, 1, 1); | H28: ="UPDATE PRODUTO_APRESENTACAO SET pap_prd_id = "&B28&", pap_tap_id = "&C28&", pap_qtd = "&D28&", pap_umd_id = "&IF(E28="","NULL",E28)&", pap_atv = "&F28&" WHERE pap_id = "&A28&";" -> UPDATE PRODUTO_APRESENTACAO SET pap_prd_id = 27, pap_tap_id = 1, pap_qtd = 18, pap_umd_id = 1, pap_atv = 1 WHERE pap_id = 27;
A29: 28 | B29: 28 | C29: 1 | D29: 17 | E29: 1 | F29: 1 | G29: ="INSERT INTO PRODUTO_APRESENTACAO (pap_id, pap_prd_id, pap_tap_id, pap_qtd, pap_umd_id, pap_atv) VALUES ("&A29&", "&B29&", "&C29&", "&D29&", "&IF(E29="","NULL",E29)&", "&F29&");" -> INSERT INTO PRODUTO_APRESENTACAO (pap_id, pap_prd_id, pap_tap_id, pap_qtd, pap_umd_id, pap_atv) VALUES (28, 28, 1, 17, 1, 1); | H29: ="UPDATE PRODUTO_APRESENTACAO SET pap_prd_id = "&B29&", pap_tap_id = "&C29&", pap_qtd = "&D29&", pap_umd_id = "&IF(E29="","NULL",E29)&", pap_atv = "&F29&" WHERE pap_id = "&A29&";" -> UPDATE PRODUTO_APRESENTACAO SET pap_prd_id = 28, pap_tap_id = 1, pap_qtd = 17, pap_umd_id = 1, pap_atv = 1 WHERE pap_id = 28;
A30: 29 | B30: 29 | C30: 1 | D30: 18 | E30: 1 | F30: 1 | G30: ="INSERT INTO PRODUTO_APRESENTACAO (pap_id, pap_prd_id, pap_tap_id, pap_qtd, pap_umd_id, pap_atv) VALUES ("&A30&", "&B30&", "&C30&", "&D30&", "&IF(E30="","NULL",E30)&", "&F30&");" -> INSERT INTO PRODUTO_APRESENTACAO (pap_id, pap_prd_id, pap_tap_id, pap_qtd, pap_umd_id, pap_atv) VALUES (29, 29, 1, 18, 1, 1); | H30: ="UPDATE PRODUTO_APRESENTACAO SET pap_prd_id = "&B30&", pap_tap_id = "&C30&", pap_qtd = "&D30&", pap_umd_id = "&IF(E30="","NULL",E30)&", pap_atv = "&F30&" WHERE pap_id = "&A30&";" -> UPDATE PRODUTO_APRESENTACAO SET pap_prd_id = 29, pap_tap_id = 1, pap_qtd = 18, pap_umd_id = 1, pap_atv = 1 WHERE pap_id = 29;
... A41: 40 | B41: 40 | C41: 1 | D41: 22 | E41: 1 | F41: 1 | G41: ="INSERT INTO PRODUTO_APRESENTACAO (pap_id, pap_prd_id, pap_tap_id, pap_qtd, pap_umd_id, pap_atv) VALUES ("&A41&", "&B41&", "&C41&", "&D41&", "&IF(E41="","NULL",E41)&", "&F41&");" -> INSERT INTO PRODUTO_APRESENTACAO (pap_id, pap_prd_id, pap_tap_id, pap_qtd, pap_umd_id, pap_atv) VALUES (40, 40, 1, 22, 1, 1); | H41: ="UPDATE PRODUTO_APRESENTACAO SET pap_prd_id = "&B41&", pap_tap_id = "&C41&", pap_qtd = "&D41&", pap_umd_id = "&IF(E41="","NULL",E41)&", pap_atv = "&F41&" WHERE pap_id = "&A41&";" -> UPDATE PRODUTO_APRESENTACAO SET pap_prd_id = 40, pap_tap_id = 1, pap_qtd = 22, pap_umd_id = 1, pap_atv = 1 WHERE pap_id = 40;

Sheet COTACAO
A1: cot_id | B1: cot_blt_id | C1: cot_pap_id | D1: cot_prc_comum | E1: cot_prc_min | F1: cot_prc_max | G1: cot_prc_med | H1: cot_prc_mediana
A2: 1 | B2: =IF('Boletins Nuppa Site'!A2<>0,'Boletins Nuppa Site'!A2,"NULL") -> 37 | C2: 1 | D2: =IF('Boletins Nuppa Site'!G2<>0,'Boletins Nuppa Site'!G2,"NULL") -> NULL | E2: =IF('Boletins Nuppa Site'!H2<>0,'Boletins Nuppa Site'!H2,"NULL") -> 32 | F2: =IF('Boletins Nuppa Site'!I2<>0,'Boletins Nuppa Site'!I2,"NULL") -> 32 | G2: =IF('Boletins Nuppa Site'!J2<>0,'Boletins Nuppa Site'!J2,"NULL") -> 32 | H2: =IF('Boletins Nuppa Site'!K2<>0,'Boletins Nuppa Site'!K2,"NULL") -> 32 | I2: ="INSERT INTO COTACAO (cot_id, cot_blt_id, cot_pap_id, cot_prc_comum, cot_prc_min, cot_prc_max, cot_prc_med, cot_prc_mediana) VALUES ("&A2&", "&B2&", "&C2&", "&D2&", "&E2&", "&F2&", "&G2&", "&H2&");" -> INSERT INTO COTACAO (cot_id, cot_blt_id, cot_pap_id, cot_prc_comum, cot_prc_min, cot_prc_max, cot_prc_med, cot_prc_mediana) VALUES (1, 37, 1, NULL, 32, 32, 32, 32); | J2: ="UPDATE COTACAO SET cot_id = "&A2&", cot_blt_id = "&B2&", cot_pap_id = "&C2&", cot_prc_comum = "&D2&", cot_prc_min = "&E2&", cot_prc_max = "&F2&", cot_prc_med = "&G2&", cot_prc_mediana = "&H2&" WHERE cot_id = "&A2&";" -> UPDATE COTACAO SET cot_id = 1, cot_blt_id = 37, cot_pap_id = 1, cot_prc_comum = NULL, cot_prc_min = 32, cot_prc_max = 32, cot_prc_med = 32, cot_prc_mediana = 32 WHERE cot_id = 1;
A3: 2 | B3: =IF('Boletins Nuppa Site'!A3<>0,'Boletins Nuppa Site'!A3,"NULL") -> 37 | C3: 2 | D3: =IF('Boletins Nuppa Site'!G3<>0,'Boletins Nuppa Site'!G3,"NULL") -> NULL | E3: =IF('Boletins Nuppa Site'!H3<>0,'Boletins Nuppa Site'!H3,"NULL") -> 60 | F3: =IF('Boletins Nuppa Site'!I3<>0,'Boletins Nuppa Site'!I3,"NULL") -> 60 | G3: =IF('Boletins Nuppa Site'!J3<>0,'Boletins Nuppa Site'!J3,"NULL") -> 60 | H3: =IF('Boletins Nuppa Site'!K3<>0,'Boletins Nuppa Site'!K3,"NULL") -> 60 | I3: ="INSERT INTO COTACAO (cot_id, cot_blt_id, cot_pap_id, cot_prc_comum, cot_prc_min, cot_prc_max, cot_prc_med, cot_prc_mediana) VALUES ("&A3&", "&B3&", "&C3&", "&D3&", "&E3&", "&F3&", "&G3&", "&H3&");" -> INSERT INTO COTACAO (cot_id, cot_blt_id, cot_pap_id, cot_prc_comum, cot_prc_min, cot_prc_max, cot_prc_med, cot_prc_mediana) VALUES (2, 37, 2, NULL, 60, 60, 60, 60); | J3: ="UPDATE COTACAO SET cot_id = "&A3&", cot_blt_id = "&B3&", cot_pap_id = "&C3&", cot_prc_comum = "&D3&", cot_prc_min = "&E3&", cot_prc_max = "&F3&", cot_prc_med = "&G3&", cot_prc_mediana = "&H3&" WHERE cot_id = "&A3&";" -> UPDATE COTACAO SET cot_id = 2, cot_blt_id = 37, cot_pap_id = 2, cot_prc_comum = NULL, cot_prc_min = 60, cot_prc_max = 60, cot_prc_med = 60, cot_prc_mediana = 60 WHERE cot_id = 2;
A4: 3 | B4: =IF('Boletins Nuppa Site'!A4<>0,'Boletins Nuppa Site'!A4,"NULL") -> 37 | C4: 3 | D4: =IF('Boletins Nuppa Site'!G4<>0,'Boletins Nuppa Site'!G4,"NULL") -> NULL | E4: =IF('Boletins Nuppa Site'!H4<>0,'Boletins Nuppa Site'!H4,"NULL") -> 24 | F4: =IF('Boletins Nuppa Site'!I4<>0,'Boletins Nuppa Site'!I4,"NULL") -> 36 | G4: =IF('Boletins Nuppa Site'!J4<>0,'Boletins Nuppa Site'!J4,"NULL") -> 30 | H4: =IF('Boletins Nuppa Site'!K4<>0,'Boletins Nuppa Site'!K4,"NULL") -> 30 | I4: ="INSERT INTO COTACAO (cot_id, cot_blt_id, cot_pap_id, cot_prc_comum, cot_prc_min, cot_prc_max, cot_prc_med, cot_prc_mediana) VALUES ("&A4&", "&B4&", "&C4&", "&D4&", "&E4&", "&F4&", "&G4&", "&H4&");" -> INSERT INTO COTACAO (cot_id, cot_blt_id, cot_pap_id, cot_prc_comum, cot_prc_min, cot_prc_max, cot_prc_med, cot_prc_mediana) VALUES (3, 37, 3, NULL, 24, 36, 30, 30); | J4: ="UPDATE COTACAO SET cot_id = "&A4&", cot_blt_id = "&B4&", cot_pap_id = "&C4&", cot_prc_comum = "&D4&", cot_prc_min = "&E4&", cot_prc_max = "&F4&", cot_prc_med = "&G4&", cot_prc_mediana = "&H4&" WHERE cot_id = "&A4&";" -> UPDATE COTACAO SET cot_id = 3, cot_blt_id = 37, cot_pap_id = 3, cot_prc_comum = NULL, cot_prc_min = 24, cot_prc_max = 36, cot_prc_med = 30, cot_prc_mediana = 30 WHERE cot_id = 3;
A5: 4 | B5: =IF('Boletins Nuppa Site'!A5<>0,'Boletins Nuppa Site'!A5,"NULL") -> 37 | C5: 4 | D5: =IF('Boletins Nuppa Site'!G5<>0,'Boletins Nuppa Site'!G5,"NULL") -> NULL | E5: =IF('Boletins Nuppa Site'!H5<>0,'Boletins Nuppa Site'!H5,"NULL") -> 18 | F5: =IF('Boletins Nuppa Site'!I5<>0,'Boletins Nuppa Site'!I5,"NULL") -> 30 | G5: =IF('Boletins Nuppa Site'!J5<>0,'Boletins Nuppa Site'!J5,"NULL") -> 24 | H5: =IF('Boletins Nuppa Site'!K5<>0,'Boletins Nuppa Site'!K5,"NULL") -> 24 | I5: ="INSERT INTO COTACAO (cot_id, cot_blt_id, cot_pap_id, cot_prc_comum, cot_prc_min, cot_prc_max, cot_prc_med, cot_prc_mediana) VALUES ("&A5&", "&B5&", "&C5&", "&D5&", "&E5&", "&F5&", "&G5&", "&H5&");" -> INSERT INTO COTACAO (cot_id, cot_blt_id, cot_pap_id, cot_prc_comum, cot_prc_min, cot_prc_max, cot_prc_med, cot_prc_mediana) VALUES (4, 37, 4, NULL, 18, 30, 24, 24); | J5: ="UPDATE COTACAO SET cot_id = "&A5&", cot_blt_id = "&B5&", cot_pap_id = "&C5&", cot_prc_comum = "&D5&", cot_prc_min = "&E5&", cot_prc_max = "&F5&", cot_prc_med = "&G5&", cot_prc_mediana = "&H5&" WHERE cot_id = "&A5&";" -> UPDATE COTACAO SET cot_id = 4, cot_blt_id = 37, cot_pap_id = 4, cot_prc_comum = NULL, cot_prc_min = 18, cot_prc_max = 30, cot_prc_med = 24, cot_prc_mediana = 24 WHERE cot_id = 4;
A6: 5 | B6: =IF('Boletins Nuppa Site'!A6<>0,'Boletins Nuppa Site'!A6,"NULL") -> 37 | C6: 5 | D6: =IF('Boletins Nuppa Site'!G6<>0,'Boletins Nuppa Site'!G6,"NULL") -> NULL | E6: =IF('Boletins Nuppa Site'!H6<>0,'Boletins Nuppa Site'!H6,"NULL") -> 18 | F6: =IF('Boletins Nuppa Site'!I6<>0,'Boletins Nuppa Site'!I6,"NULL") -> 30 | G6: =IF('Boletins Nuppa Site'!J6<>0,'Boletins Nuppa Site'!J6,"NULL") -> 24 | H6: =IF('Boletins Nuppa Site'!K6<>0,'Boletins Nuppa Site'!K6,"NULL") -> 24 | I6: ="INSERT INTO COTACAO (cot_id, cot_blt_id, cot_pap_id, cot_prc_comum, cot_prc_min, cot_prc_max, cot_prc_med, cot_prc_mediana) VALUES ("&A6&", "&B6&", "&C6&", "&D6&", "&E6&", "&F6&", "&G6&", "&H6&");" -> INSERT INTO COTACAO (cot_id, cot_blt_id, cot_pap_id, cot_prc_comum, cot_prc_min, cot_prc_max, cot_prc_med, cot_prc_mediana) VALUES (5, 37, 5, NULL, 18, 30, 24, 24); | J6: ="UPDATE COTACAO SET cot_id = "&A6&", cot_blt_id = "&B6&", cot_pap_id = "&C6&", cot_prc_comum = "&D6&", cot_prc_min = "&E6&", cot_prc_max = "&F6&", cot_prc_med = "&G6&", cot_prc_mediana = "&H6&" WHERE cot_id = "&A6&";" -> UPDATE COTACAO SET cot_id = 5, cot_blt_id = 37, cot_pap_id = 5, cot_prc_comum = NULL, cot_prc_min = 18, cot_prc_max = 30, cot_prc_med = 24, cot_prc_mediana = 24 WHERE cot_id = 5;
A7: 6 | B7: =IF('Boletins Nuppa Site'!A7<>0,'Boletins Nuppa Site'!A7,"NULL") -> 37 | C7: 6 | D7: =IF('Boletins Nuppa Site'!G7<>0,'Boletins Nuppa Site'!G7,"NULL") -> NULL | E7: =IF('Boletins Nuppa Site'!H7<>0,'Boletins Nuppa Site'!H7,"NULL") -> 48 | F7: =IF('Boletins Nuppa Site'!I7<>0,'Boletins Nuppa Site'!I7,"NULL") -> 48 | G7: =IF('Boletins Nuppa Site'!J7<>0,'Boletins Nuppa Site'!J7,"NULL") -> 48 | H7: =IF('Boletins Nuppa Site'!K7<>0,'Boletins Nuppa Site'!K7,"NULL") -> 48 | I7: ="INSERT INTO COTACAO (cot_id, cot_blt_id, cot_pap_id, cot_prc_comum, cot_prc_min, cot_prc_max, cot_prc_med, cot_prc_mediana) VALUES ("&A7&", "&B7&", "&C7&", "&D7&", "&E7&", "&F7&", "&G7&", "&H7&");" -> INSERT INTO COTACAO (cot_id, cot_blt_id, cot_pap_id, cot_prc_comum, cot_prc_min, cot_prc_max, cot_prc_med, cot_prc_mediana) VALUES (6, 37, 6, NULL, 48, 48, 48, 48); | J7: ="UPDATE COTACAO SET cot_id = "&A7&", cot_blt_id = "&B7&", cot_pap_id = "&C7&", cot_prc_comum = "&D7&", cot_prc_min = "&E7&", cot_prc_max = "&F7&", cot_prc_med = "&G7&", cot_prc_mediana = "&H7&" WHERE cot_id = "&A7&";" -> UPDATE COTACAO SET cot_id = 6, cot_blt_id = 37, cot_pap_id = 6, cot_prc_comum = NULL, cot_prc_min = 48, cot_prc_max = 48, cot_prc_med = 48, cot_prc_mediana = 48 WHERE cot_id = 6;
A8: 7 | B8: =IF('Boletins Nuppa Site'!A8<>0,'Boletins Nuppa Site'!A8,"NULL") -> 37 | C8: 7 | D8: =IF('Boletins Nuppa Site'!G8<>0,'Boletins Nuppa Site'!G8,"NULL") -> NULL | E8: =IF('Boletins Nuppa Site'!H8<>0,'Boletins Nuppa Site'!H8,"NULL") -> 60 | F8: =IF('Boletins Nuppa Site'!I8<>0,'Boletins Nuppa Site'!I8,"NULL") -> 60 | G8: =IF('Boletins Nuppa Site'!J8<>0,'Boletins Nuppa Site'!J8,"NULL") -> 60 | H8: =IF('Boletins Nuppa Site'!K8<>0,'Boletins Nuppa Site'!K8,"NULL") -> 60 | I8: ="INSERT INTO COTACAO (cot_id, cot_blt_id, cot_pap_id, cot_prc_comum, cot_prc_min, cot_prc_max, cot_prc_med, cot_prc_mediana) VALUES ("&A8&", "&B8&", "&C8&", "&D8&", "&E8&", "&F8&", "&G8&", "&H8&");" -> INSERT INTO COTACAO (cot_id, cot_blt_id, cot_pap_id, cot_prc_comum, cot_prc_min, cot_prc_max, cot_prc_med, cot_prc_mediana) VALUES (7, 37, 7, NULL, 60, 60, 60, 60); | J8: ="UPDATE COTACAO SET cot_id = "&A8&", cot_blt_id = "&B8&", cot_pap_id = "&C8&", cot_prc_comum = "&D8&", cot_prc_min = "&E8&", cot_prc_max = "&F8&", cot_prc_med = "&G8&", cot_prc_mediana = "&H8&" WHERE cot_id = "&A8&";" -> UPDATE COTACAO SET cot_id = 7, cot_blt_id = 37, cot_pap_id = 7, cot_prc_comum = NULL, cot_prc_min = 60, cot_prc_max = 60, cot_prc_med = 60, cot_prc_mediana = 60 WHERE cot_id = 7;
A9: 8 | B9: =IF('Boletins Nuppa Site'!A9<>0,'Boletins Nuppa Site'!A9,"NULL") -> 37 | C9: 8 | D9: =IF('Boletins Nuppa Site'!G9<>0,'Boletins Nuppa Site'!G9,"NULL") -> 48 | E9: =IF('Boletins Nuppa Site'!H9<>0,'Boletins Nuppa Site'!H9,"NULL") -> 48 | F9: =IF('Boletins Nuppa Site'!I9<>0,'Boletins Nuppa Site'!I9,"NULL") -> 60 | G9: =IF('Boletins Nuppa Site'!J9<>0,'Boletins Nuppa Site'!J9,"NULL") -> 52 | H9: =IF('Boletins Nuppa Site'!K9<>0,'Boletins Nuppa Site'!K9,"NULL") -> 48 | I9: ="INSERT INTO COTACAO (cot_id, cot_blt_id, cot_pap_id, cot_prc_comum, cot_prc_min, cot_prc_max, cot_prc_med, cot_prc_mediana) VALUES ("&A9&", "&B9&", "&C9&", "&D9&", "&E9&", "&F9&", "&G9&", "&H9&");" -> INSERT INTO COTACAO (cot_id, cot_blt_id, cot_pap_id, cot_prc_comum, cot_prc_min, cot_prc_max, cot_prc_med, cot_prc_mediana) VALUES (8, 37, 8, 48, 48, 60, 52, 48); | J9: ="UPDATE COTACAO SET cot_id = "&A9&", cot_blt_id = "&B9&", cot_pap_id = "&C9&", cot_prc_comum = "&D9&", cot_prc_min = "&E9&", cot_prc_max = "&F9&", cot_prc_med = "&G9&", cot_prc_mediana = "&H9&" WHERE cot_id = "&A9&";" -> UPDATE COTACAO SET cot_id = 8, cot_blt_id = 37, cot_pap_id = 8, cot_prc_comum = 48, cot_prc_min = 48, cot_prc_max = 60, cot_prc_med = 52, cot_prc_mediana = 48 WHERE cot_id = 8;
A10: 9 | B10: =IF('Boletins Nuppa Site'!A10<>0,'Boletins Nuppa Site'!A10,"NULL") -> 37 | C10: 9 | D10: =IF('Boletins Nuppa Site'!G10<>0,'Boletins Nuppa Site'!G10,"NULL") -> 15 | E10: =IF('Boletins Nuppa Site'!H10<>0,'Boletins Nuppa Site'!H10,"NULL") -> 15 | F10: =IF('Boletins Nuppa Site'!I10<>0,'Boletins Nuppa Site'!I10,"NULL") -> 24 | G10: =IF('Boletins Nuppa Site'!J10<>0,'Boletins Nuppa Site'!J10,"NULL") -> 18 | H10: =IF('Boletins Nuppa Site'!K10<>0,'Boletins Nuppa Site'!K10,"NULL") -> 15 | I10: ="INSERT INTO COTACAO (cot_id, cot_blt_id, cot_pap_id, cot_prc_comum, cot_prc_min, cot_prc_max, cot_prc_med, cot_prc_mediana) VALUES ("&A10&", "&B10&", "&C10&", "&D10&", "&E10&", "&F10&", "&G10&", "&H10&");" -> INSERT INTO COTACAO (cot_id, cot_blt_id, cot_pap_id, cot_prc_comum, cot_prc_min, cot_prc_max, cot_prc_med, cot_prc_mediana) VALUES (9, 37, 9, 15, 15, 24, 18, 15); | J10: ="UPDATE COTACAO SET cot_id = "&A10&", cot_blt_id = "&B10&", cot_pap_id = "&C10&", cot_prc_comum = "&D10&", cot_prc_min = "&E10&", cot_prc_max = "&F10&", cot_prc_med = "&G10&", cot_prc_mediana = "&H10&" WHERE cot_id = "&A10&";" -> UPDATE COTACAO SET cot_id = 9, cot_blt_id = 37, cot_pap_id = 9, cot_prc_comum = 15, cot_prc_min = 15, cot_prc_max = 24, cot_prc_med = 18, cot_prc_mediana = 15 WHERE cot_id = 9;
A11: 10 | B11: =IF('Boletins Nuppa Site'!A11<>0,'Boletins Nuppa Site'!A11,"NULL") -> 37 | C11: 10 | D11: =IF('Boletins Nuppa Site'!G11<>0,'Boletins Nuppa Site'!G11,"NULL") -> NULL | E11: =IF('Boletins Nuppa Site'!H11<>0,'Boletins Nuppa Site'!H11,"NULL") -> 60 | F11: =IF('Boletins Nuppa Site'!I11<>0,'Boletins Nuppa Site'!I11,"NULL") -> 60 | G11: =IF('Boletins Nuppa Site'!J11<>0,'Boletins Nuppa Site'!J11,"NULL") -> 60 | H11: =IF('Boletins Nuppa Site'!K11<>0,'Boletins Nuppa Site'!K11,"NULL") -> 60 | I11: ="INSERT INTO COTACAO (cot_id, cot_blt_id, cot_pap_id, cot_prc_comum, cot_prc_min, cot_prc_max, cot_prc_med, cot_prc_mediana) VALUES ("&A11&", "&B11&", "&C11&", "&D11&", "&E11&", "&F11&", "&G11&", "&H11&");" -> INSERT INTO COTACAO (cot_id, cot_blt_id, cot_pap_id, cot_prc_comum, cot_prc_min, cot_prc_max, cot_prc_med, cot_prc_mediana) VALUES (10, 37, 10, NULL, 60, 60, 60, 60); | J11: ="UPDATE COTACAO SET cot_id = "&A11&", cot_blt_id = "&B11&", cot_pap_id = "&C11&", cot_prc_comum = "&D11&", cot_prc_min = "&E11&", cot_prc_max = "&F11&", cot_prc_med = "&G11&", cot_prc_mediana = "&H11&" WHERE cot_id = "&A11&";" -> UPDATE COTACAO SET cot_id = 10, cot_blt_id = 37, cot_pap_id = 10, cot_prc_comum = NULL, cot_prc_min = 60, cot_prc_max = 60, cot_prc_med = 60, cot_prc_mediana = 60 WHERE cot_id = 10;
A12: 11 | B12: =IF('Boletins Nuppa Site'!A12<>0,'Boletins Nuppa Site'!A12,"NULL") -> 37 | C12: 11 | D12: =IF('Boletins Nuppa Site'!G12<>0,'Boletins Nuppa Site'!G12,"NULL") -> NULL | E12: =IF('Boletins Nuppa Site'!H12<>0,'Boletins Nuppa Site'!H12,"NULL") -> 18 | F12: =IF('Boletins Nuppa Site'!I12<>0,'Boletins Nuppa Site'!I12,"NULL") -> 30 | G12: =IF('Boletins Nuppa Site'!J12<>0,'Boletins Nuppa Site'!J12,"NULL") -> 24 | H12: =IF('Boletins Nuppa Site'!K12<>0,'Boletins Nuppa Site'!K12,"NULL") -> 24 | I12: ="INSERT INTO COTACAO (cot_id, cot_blt_id, cot_pap_id, cot_prc_comum, cot_prc_min, cot_prc_max, cot_prc_med, cot_prc_mediana) VALUES ("&A12&", "&B12&", "&C12&", "&D12&", "&E12&", "&F12&", "&G12&", "&H12&");" -> INSERT INTO COTACAO (cot_id, cot_blt_id, cot_pap_id, cot_prc_comum, cot_prc_min, cot_prc_max, cot_prc_med, cot_prc_mediana) VALUES (11, 37, 11, NULL, 18, 30, 24, 24); | J12: ="UPDATE COTACAO SET cot_id = "&A12&", cot_blt_id = "&B12&", cot_pap_id = "&C12&", cot_prc_comum = "&D12&", cot_prc_min = "&E12&", cot_prc_max = "&F12&", cot_prc_med = "&G12&", cot_prc_mediana = "&H12&" WHERE cot_id = "&A12&";" -> UPDATE COTACAO SET cot_id = 11, cot_blt_id = 37, cot_pap_id = 11, cot_prc_comum = NULL, cot_prc_min = 18, cot_prc_max = 30, cot_prc_med = 24, cot_prc_mediana = 24 WHERE cot_id = 11;
A13: 12 | B13: =IF('Boletins Nuppa Site'!A13<>0,'Boletins Nuppa Site'!A13,"NULL") -> 37 | C13: 12 | D13: =IF('Boletins Nuppa Site'!G13<>0,'Boletins Nuppa Site'!G13,"NULL") -> NULL | E13: =IF('Boletins Nuppa Site'!H13<>0,'Boletins Nuppa Site'!H13,"NULL") -> 42 | F13: =IF('Boletins Nuppa Site'!I13<>0,'Boletins Nuppa Site'!I13,"NULL") -> 54 | G13: =IF('Boletins Nuppa Site'!J13<>0,'Boletins Nuppa Site'!J13,"NULL") -> 48 | H13: =IF('Boletins Nuppa Site'!K13<>0,'Boletins Nuppa Site'!K13,"NULL") -> 48 | I13: ="INSERT INTO COTACAO (cot_id, cot_blt_id, cot_pap_id, cot_prc_comum, cot_prc_min, cot_prc_max, cot_prc_med, cot_prc_mediana) VALUES ("&A13&", "&B13&", "&C13&", "&D13&", "&E13&", "&F13&", "&G13&", "&H13&");" -> INSERT INTO COTACAO (cot_id, cot_blt_id, cot_pap_id, cot_prc_comum, cot_prc_min, cot_prc_max, cot_prc_med, cot_prc_mediana) VALUES (12, 37, 12, NULL, 42, 54, 48, 48); | J13: ="UPDATE COTACAO SET cot_id = "&A13&", cot_blt_id = "&B13&", cot_pap_id = "&C13&", cot_prc_comum = "&D13&", cot_prc_min = "&E13&", cot_prc_max = "&F13&", cot_prc_med = "&G13&", cot_prc_mediana = "&H13&" WHERE cot_id = "&A13&";" -> UPDATE COTACAO SET cot_id = 12, cot_blt_id = 37, cot_pap_id = 12, cot_prc_comum = NULL, cot_prc_min = 42, cot_prc_max = 54, cot_prc_med = 48, cot_prc_mediana = 48 WHERE cot_id = 12;
... A2471: 2470 | B2471: =IF('Boletins Nuppa Site'!A2471<>0,'Boletins Nuppa Site'!A2471,"NULL") -> 99 | C2471: 40 | D2471: =IF('Boletins Nuppa Site'!G2471<>0,'Boletins Nuppa Site'!G2471,"NULL") -> NULL | E2471: =IF('Boletins Nuppa Site'!H2471<>0,'Boletins Nuppa Site'!H2471,"NULL") -> NULL | F2471: =IF('Boletins Nuppa Site'!I2471<>0,'Boletins Nuppa Site'!I2471,"NULL") -> NULL | G2471: =IF('Boletins Nuppa Site'!J2471<>0,'Boletins Nuppa Site'!J2471,"NULL") -> NULL | H2471: =IF('Boletins Nuppa Site'!K2471<>0,'Boletins Nuppa Site'!K2471,"NULL") -> NULL | I2471: ="INSERT INTO COTACAO (cot_id, cot_blt_id, cot_pap_id, cot_prc_comum, cot_prc_min, cot_prc_max, cot_prc_med, cot_prc_mediana) VALUES ("&A2471&", "&B2471&", "&C2471&", "&D2471&", "&E2471&", "&F2471&", "&G2471&", "&H2471&");" -> INSERT INTO COTACAO (cot_id, cot_blt_id, cot_pap_id, cot_prc_comum, cot_prc_min, cot_prc_max, cot_prc_med, cot_prc_mediana) VALUES (2470, 99, 40, NULL, NULL, NULL, NULL, NULL); | J2471: ="UPDATE COTACAO SET cot_id = "&A2471&", cot_blt_id = "&B2471&", cot_pap_id = "&C2471&", cot_prc_comum = "&D2471&", cot_prc_min = "&E2471&", cot_prc_max = "&F2471&", cot_prc_med = "&G2471&", cot_prc_mediana = "&H2471&" WHERE cot_id = "&A2471&";" -> UPDATE COTACAO SET cot_id = 2470, cot_blt_id = 99, cot_pap_id = 40, cot_prc_comum = NULL, cot_prc_min = NULL, cot_prc_max = NULL, cot_prc_med = NULL, cot_prc_mediana = NULL WHERE cot_id = 2470;
